ColumnHeader,Units,Summary,Measurement,Plot,Column,Treatment,Block,Cultivar,Irrigation
TIMESTAMP,TS,Ref,Time,Expt,0,Expt,Expt,Expt,Expt
RECORD,RN,Ref,Record,Expt,1,Expt,Expt,Expt,Expt
BattV_Avg,Volts,Avg,BatteryVoltage,Expt,2,Expt,Expt,Expt,Expt
PTemp_C_Avg,Deg C,Avg,PannelTemperature,Expt,3,Expt,Expt,Expt,Expt
AirTC_Avg,Deg C,Avg,AirTemperature,Expt,4,Expt,Expt,Expt,Expt
RH_Max,%,Max,RelativeHumidity,Expt,5,Expt,Expt,Expt,Expt
SlrkW_Avg,kW/m^2,Avg,IncomingRadnKW,Expt,6,Expt,Expt,Expt,Expt
SlrMJ_Tot,MJ/m^2,Tot,IncomingRadnMJ,Expt,7,Expt,Expt,Expt,Expt
Rain_mm_Tot,mm,Tot,Rainfall,Expt,8,Expt,Expt,Expt,Expt
WS_ms_Avg,meters/second,Avg,Windspeed,Expt,9,Expt,Expt,Expt,Expt
LeafWet_kohms_Avg,kilohms,Avg,Leafwetness,Expt,10,Expt,Expt,Expt,Expt
NetRadn_Avg,W/m^2,Avg,NetRadn,215,11,3,3,Dash,High
SBT_C_Avg(1),Deg C,Avg,IR_SensorBodyTemp,212,12,5,2,Omaka,Mid
SBT_C_Avg(2),Deg C,Avg,IR_SensorBodyTemp,217,13,1,3,Dash,Low
SBT_C_Avg(3),Deg C,Avg,IR_SensorBodyTemp,208,14,6,2,Omaka,High
SBT_C_Avg(4),Deg C,Avg,IR_SensorBodyTemp,207,15,2,2,Dash,Mid
SBT_C_Avg(5),Deg C,Avg,IR_SensorBodyTemp,201,16,2,1,Dash,Mid
SBT_C_Avg(6),Deg C,Avg,IR_SensorBodyTemp,206,17,3,1,Dash,High
SBT_C_Avg(7),Deg C,Avg,IR_SensorBodyTemp,205,18,4,1,Omaka,Low
SBT_C_Avg(8),Deg C,Avg,IR_SensorBodyTemp,211,19,3,2,Dash,High
SBT_C_Avg(9),Deg C,Avg,IR_SensorBodyTemp,218,20,2,3,Dash,Mid
SBT_C_Avg(10),Deg C,Avg,IR_SensorBodyTemp,213,21,6,3,Omaka,High
SBT_C_Avg(11),Deg C,Avg,IR_SensorBodyTemp,214,22,5,3,Omaka,Mid
SBT_C_Avg(12),Deg C,Avg,IR_SensorBodyTemp,210,23,4,2,Omaka,Low
SBT_C_Avg(13),Deg C,Avg,IR_SensorBodyTemp,204,24,1,1,Dash,Low
SBT_C_Avg(14),Deg C,Avg,IR_SensorBodyTemp,202,25,6,1,Omaka,High
SBT_C_Avg(15),Deg C,Avg,IR_SensorBodyTemp,203,26,5,1,Omaka,Mid
SBT_C_Avg(16),Deg C,Avg,IR_SensorBodyTemp,222,27,6,4,Omaka,High
SBT_C_Avg(17),Deg C,Avg,IR_SensorBodyTemp,209,28,1,2,Dash,Low
SBT_C_Avg(18),Deg C,Avg,IR_SensorBodyTemp,223,29,2,4,Dash,Mid
SBT_C_Avg(19),Deg C,Avg,IR_SensorBodyTemp,219,30,4,4,Omaka,Low
SBT_C_Avg(20),Deg C,Avg,IR_SensorBodyTemp,220,31,1,4,Dash,Low
SBT_C_Avg(21),Deg C,Avg,IR_SensorBodyTemp,215,32,3,3,Dash,High
SBT_C_Avg(22),Deg C,Avg,IR_SensorBodyTemp,221,33,3,4,Dash,High
SBT_C_Avg(23),Deg C,Avg,IR_SensorBodyTemp,216,34,4,3,Omaka,Low
SBT_C_Avg(24),Deg C,Avg,IR_SensorBodyTemp,224,35,5,4,Omaka,Mid
TT_C_Avg(1),Deg C,Avg,IR_SurfaceTemp,212,36,5,2,Omaka,Mid
TT_C_Avg(2),Deg C,Avg,IR_SurfaceTemp,217,37,1,3,Dash,Low
TT_C_Avg(3),Deg C,Avg,IR_SurfaceTemp,208,38,6,2,Omaka,High
TT_C_Avg(4),Deg C,Avg,IR_SurfaceTemp,207,39,2,2,Dash,Mid
TT_C_Avg(5),Deg C,Avg,IR_SurfaceTemp,201,40,2,1,Dash,Mid
TT_C_Avg(6),Deg C,Avg,IR_SurfaceTemp,206,41,3,1,Dash,High
TT_C_Avg(7),Deg C,Avg,IR_SurfaceTemp,205,42,4,1,Omaka,Low
TT_C_Avg(8),Deg C,Avg,IR_SurfaceTemp,211,43,3,2,Dash,High
TT_C_Avg(9),Deg C,Avg,IR_SurfaceTemp,218,44,2,3,Dash,Mid
TT_C_Avg(10),Deg C,Avg,IR_SurfaceTemp,213,45,6,3,Omaka,High
TT_C_Avg(11),Deg C,Avg,IR_SurfaceTemp,214,46,5,3,Omaka,Mid
TT_C_Avg(12),Deg C,Avg,IR_SurfaceTemp,210,47,4,2,Omaka,Low
TT_C_Avg(13),Deg C,Avg,IR_SurfaceTemp,204,48,1,1,Dash,Low
TT_C_Avg(14),Deg C,Avg,IR_SurfaceTemp,202,49,6,1,Omaka,High
TT_C_Avg(15),Deg C,Avg,IR_SurfaceTemp,203,50,5,1,Omaka,Mid
TT_C_Avg(16),Deg C,Avg,IR_SurfaceTemp,222,51,6,4,Omaka,High
TT_C_Avg(17),Deg C,Avg,IR_SurfaceTemp,209,52,1,2,Dash,Low
TT_C_Avg(18),Deg C,Avg,IR_SurfaceTemp,223,53,2,4,Dash,Mid
TT_C_Avg(19),Deg C,Avg,IR_SurfaceTemp,219,54,4,4,Omaka,Low
TT_C_Avg(20),Deg C,Avg,IR_SurfaceTemp,220,55,1,4,Dash,Low
TT_C_Avg(21),Deg C,Avg,IR_SurfaceTemp,215,56,3,3,Dash,High
TT_C_Avg(22),Deg C,Avg,IR_SurfaceTemp,221,57,3,4,Dash,High
TT_C_Avg(23),Deg C,Avg,IR_SurfaceTemp,216,58,4,3,Omaka,Low
TT_C_Avg(24),Deg C,Avg,IR_SurfaceTemp,224,59,5,4,Omaka,Mid
TTmV_Avg(1),mV,Avg,IRmV,212,60,5,2,Omaka,Mid
TTmV_Avg(2),mV,Avg,IRmV,217,61,1,3,Dash,Low
TTmV_Avg(3),mV,Avg,IRmV,208,62,6,2,Omaka,High
TTmV_Avg(4),mV,Avg,IRmV,207,63,2,2,Dash,Mid
TTmV_Avg(5),mV,Avg,IRmV,201,64,2,1,Dash,Mid
TTmV_Avg(6),mV,Avg,IRmV,206,65,3,1,Dash,High
TTmV_Avg(7),mV,Avg,IRmV,205,66,4,1,Omaka,Low
TTmV_Avg(8),mV,Avg,IRmV,211,67,3,2,Dash,High
TTmV_Avg(9),mV,Avg,IRmV,218,68,2,3,Dash,Mid
TTmV_Avg(10),mV,Avg,IRmV,213,69,6,3,Omaka,High
TTmV_Avg(11),mV,Avg,IRmV,214,70,5,3,Omaka,Mid
TTmV_Avg(12),mV,Avg,IRmV,210,71,4,2,Omaka,Low
TTmV_Avg(13),mV,Avg,IRmV,204,72,1,1,Dash,Low
TTmV_Avg(14),mV,Avg,IRmV,202,73,6,1,Omaka,High
TTmV_Avg(15),mV,Avg,IRmV,203,74,5,1,Omaka,Mid
TTmV_Avg(16),mV,Avg,IRmV,222,75,6,4,Omaka,High
TTmV_Avg(17),mV,Avg,IRmV,209,76,1,2,Dash,Low
TTmV_Avg(18),mV,Avg,IRmV,223,77,2,4,Dash,Mid
TTmV_Avg(19),mV,Avg,IRmV,219,78,4,4,Omaka,Low
TTmV_Avg(20),mV,Avg,IRmV,220,79,1,4,Dash,Low
TTmV_Avg(21),mV,Avg,IRmV,215,80,3,3,Dash,High
TTmV_Avg(22),mV,Avg,IRmV,221,81,3,4,Dash,High
TTmV_Avg(23),mV,Avg,IRmV,216,82,4,3,Omaka,Low
TTmV_Avg(24),mV,Avg,IRmV,224,83,5,4,Omaka,Mid
SoilSurfTC_Avg(1),Deg C,Avg,SurfaceSoilTemp,222,84,6,4,Omaka,High
SoilSurfTC_Avg(2),Deg C,Avg,SurfaceSoilTemp,223,85,2,4,Dash,Mid
SoilSurfTC_Avg(3),Deg C,Avg,SurfaceSoilTemp,224,86,5,4,Omaka,Mid
SoilSurfTC_Avg(4),Deg C,Avg,SurfaceSoilTemp,219,87,4,4,Omaka,Low
SoilSurfTC_Avg(5),Deg C,Avg,SurfaceSoilTemp,220,88,1,4,Dash,Low
SoilSurfTC_Avg(6),Deg C,Avg,SurfaceSoilTemp,221,89,3,4,Dash,High
SoilSurfTC_Avg(7),Deg C,Avg,SurfaceSoilTemp,217,90,1,3,Dash,Low
SoilSurfTC_Avg(8),Deg C,Avg,SurfaceSoilTemp,216,91,4,3,Omaka,Low
SoilSurfTC_Avg(9),Deg C,Avg,SurfaceSoilTemp,215,92,3,3,Dash,High
SoilSurfTC_Avg(10),Deg C,Avg,SurfaceSoilTemp,210,93,4,2,Omaka,Low
SoilSurfTC_Avg(11),Deg C,Avg,SurfaceSoilTemp,214,94,5,3,Omaka,Mid
SoilSurfTC_Avg(12),Deg C,Avg,SurfaceSoilTemp,213,95,6,3,Omaka,High
SoilSurfTC_Avg(13),Deg C,Avg,SurfaceSoilTemp,218,96,2,3,Dash,Mid
SoilSurfTC_Avg(14),Deg C,Avg,SurfaceSoilTemp,211,97,3,2,Dash,High
SoilSurfTC_Avg(15),Deg C,Avg,SurfaceSoilTemp,212,98,5,2,Omaka,Mid
SoilSurfTC_Avg(16),Deg C,Avg,SurfaceSoilTemp,206,99,3,1,Dash,High
SoilSurfTC_Avg(17),Deg C,Avg,SurfaceSoilTemp,208,100,6,2,Omaka,High
SoilSurfTC_Avg(18),Deg C,Avg,SurfaceSoilTemp,201,101,2,1,Dash,Mid
SoilSurfTC_Avg(19),Deg C,Avg,SurfaceSoilTemp,203,102,5,1,Omaka,Mid
SoilSurfTC_Avg(20),Deg C,Avg,SurfaceSoilTemp,205,103,4,1,Omaka,Low
SoilSurfTC_Avg(21),Deg C,Avg,SurfaceSoilTemp,202,104,6,1,Omaka,High
SoilSurfTC_Avg(22),Deg C,Avg,SurfaceSoilTemp,204,105,1,1,Dash,Low
SoilSurfTC_Avg(23),Deg C,Avg,SurfaceSoilTemp,209,106,1,2,Dash,Low
SoilSurfTC_Avg(24),Deg C,Avg,SurfaceSoilTemp,207,107,2,2,Dash,Mid
HeatFlux_Avg(1),W/m^2,Avg,HeatFlux,219,108,4,4,Omaka,Low
HeatFlux_Avg(2),W/m^2,Avg,HeatFlux,220,109,1,4,Dash,Low
HeatFlux_Avg(3),W/m^2,Avg,HeatFlux,217,110,1,3,Dash,Low
HeatFlux_Avg(4),W/m^2,Avg,HeatFlux,213,111,6,3,Omaka,High
HeatFlux_Avg(5),W/m^2,Avg,HeatFlux,206,112,3,1,Dash,High
HeatFlux_Avg(6),W/m^2,Avg,HeatFlux,205,113,4,1,Omaka,Low
HeatFlux_Avg(7),W/m^2,Avg,HeatFlux,202,114,6,1,Omaka,High
HeatFlux_Avg(8),W/m^2,Avg,HeatFlux,204,115,1,1,Dash,Low
HeatFlux_Avg(9),W/m^2,Avg,HeatFlux,222,116,6,4,Omaka,High
HeatFlux_Avg(10),W/m^2,Avg,HeatFlux,221,117,3,4,Dash,High
HeatFlux_Avg(11),W/m^2,Avg,HeatFlux,215,118,3,3,Dash,High
HeatFlux_Avg(12),W/m^2,Avg,HeatFlux,210,119,4,2,Omaka,Low
SlrReflectkW_Avg(1),kW/m^2,Avg,ReflectedRadnKW,222,120,6,4,Omaka,High
SlrReflectkW_Avg(2),kW/m^2,Avg,ReflectedRadnKW,220,121,1,4,Dash,Low
SlrReflectkW_Avg(3),kW/m^2,Avg,ReflectedRadnKW,202,122,6,1,Omaka,High
SlrReflectkW_Avg(4),kW/m^2,Avg,ReflectedRadnKW,217,123,1,3,Dash,Low
SlrReflectkW_Avg(5),kW/m^2,Avg,ReflectedRadnKW,221,124,3,4,Dash,High
SlrReflectkW_Avg(6),kW/m^2,Avg,ReflectedRadnKW,219,125,4,4,Omaka,Low
SlrReflectkW_Avg(7),kW/m^2,Avg,ReflectedRadnKW,213,126,6,3,Omaka,High
SlrReflectkW_Avg(8),kW/m^2,Avg,ReflectedRadnKW,215,127,3,3,Dash,High
SlrReflectkW_Avg(9),kW/m^2,Avg,ReflectedRadnKW,206,128,3,1,Dash,High
SlrReflectkW_Avg(10),kW/m^2,Avg,ReflectedRadnKW,210,129,4,2,Omaka,Low
SlrReflectkW_Avg(11),kW/m^2,Avg,ReflectedRadnKW,205,130,4,1,Omaka,Low
SlrReflectkW_Avg(12),kW/m^2,Avg,ReflectedRadnKW,204,131,1,1,Dash,Low
SlrReflectMJ_Avg(1),MJ/m^2,Avg,ReflectedRadnMJ,222,132,6,4,Omaka,High
SlrReflectMJ_Avg(2),MJ/m^2,Avg,ReflectedRadnMJ,220,133,1,4,Dash,Low
SlrReflectMJ_Avg(3),MJ/m^2,Avg,ReflectedRadnMJ,202,134,6,1,Omaka,High
SlrReflectMJ_Avg(4),MJ/m^2,Avg,ReflectedRadnMJ,217,135,1,3,Dash,Low
SlrReflectMJ_Avg(5),MJ/m^2,Avg,ReflectedRadnMJ,221,136,3,4,Dash,High
SlrReflectMJ_Avg(6),MJ/m^2,Avg,ReflectedRadnMJ,219,137,4,4,Omaka,Low
SlrReflectMJ_Avg(7),MJ/m^2,Avg,ReflectedRadnMJ,213,138,6,3,Omaka,High
SlrReflectMJ_Avg(8),MJ/m^2,Avg,ReflectedRadnMJ,215,139,3,3,Dash,High
SlrReflectMJ_Avg(9),MJ/m^2,Avg,ReflectedRadnMJ,206,140,3,1,Dash,High
SlrReflectMJ_Avg(10),MJ/m^2,Avg,ReflectedRadnMJ,210,141,4,2,Omaka,Low
SlrReflectMJ_Avg(11),MJ/m^2,Avg,ReflectedRadnMJ,205,142,4,1,Omaka,Low
SlrReflectMJ_Avg(12),MJ/m^2,Avg,ReflectedRadnMJ,204,143,1,1,Dash,Low
SoilAvTC_Avg(1),DegC,Avg,SoilTemp15cm,219,144,4,4,Omaka,Low
SoilAvTC_Avg(2),DegC,Avg,SoilTemp15cm,220,145,1,4,Dash,Low
SoilAvTC_Avg(3),DegC,Avg,SoilTemp15cm,217,146,1,3,Dash,Low
SoilAvTC_Avg(4),DegC,Avg,SoilTemp15cm,213,147,6,3,Omaka,High
SoilAvTC_Avg(5),DegC,Avg,SoilTemp15cm,205,148,4,1,Omaka,Low
SoilAvTC_Avg(6),DegC,Avg,SoilTemp15cm,206,149,3,1,Dash,High
SoilAvTC_Avg(7),DegC,Avg,SoilTemp15cm,202,150,6,1,Omaka,High
SoilAvTC_Avg(8),DegC,Avg,SoilTemp15cm,204,151,1,1,Dash,Low
SoilAvTC_Avg(9),DegC,Avg,SoilTemp15cm,222,152,6,4,Omaka,High
SoilAvTC_Avg(10),DegC,Avg,SoilTemp15cm,221,153,3,4,Dash,High
SoilAvTC_Avg(11),DegC,Avg,SoilTemp15cm,215,154,3,3,Dash,High
SoilAvTC_Avg(12),DegC,Avg,SoilTemp15cm,210,155,4,2,Omaka,Low
LinPAR_Avg(1),mmolPAR,Avg,BelowCanopyPAR,210,156,4,2,Omaka,Low
LinPAR_Avg(2),mmolPAR,Avg,BelowCanopyPAR,204,157,1,1,Dash,Low
LinPAR_Avg(3),mmolPAR,Avg,BelowCanopyPAR,222,158,6,4,Omaka,High
LinPAR_Avg(4),mmolPAR,Avg,BelowCanopyPAR,215,159,3,3,Dash,High
LinPAR_Avg(5),mmolPAR,Avg,BelowCanopyPAR,221,160,3,4,Dash,High
LinPAR_Avg(6),mmolPAR,Avg,BelowCanopyPAR,217,161,1,3,Dash,Low
LinPAR_Avg(7),mmolPAR,Avg,BelowCanopyPAR,220,162,1,4,Dash,Low
LinPAR_Avg(8),mmolPAR,Avg,BelowCanopyPAR,206,163,3,1,Dash,High
LinPAR_Avg(9),mmolPAR,Avg,BelowCanopyPAR,213,164,6,3,Omaka,High
LinPAR_Avg(10),mmolPAR,Avg,BelowCanopyPAR,205,165,4,1,Omaka,Low
LinPAR_Avg(11),mmolPAR,Avg,BelowCanopyPAR,202,166,6,1,Omaka,High
LinPAR_Avg(12),mmolPAR,Avg,BelowCanopyPAR,219,167,4,4,Omaka,Low
LinPAR_Avg(13),mmolPAR,Avg,AboveCanopyPAR,Expt,168,Expt,Expt,Expt,Expt
LinPAR_Avg(14),mmolPAR,Avg,AboveCanopyPAR,Expt,169,Expt,Expt,Expt,Expt
LinPAR_Avg(15),mmolPAR,Avg,AboveCanopyPAR,Expt,170,Expt,Expt,Expt,Expt
