ColumnHeader,Sensor,Measurement,Units,Summary,MUX,Port,Plot,Depth,Treatment,Block,Cultivar,Irrigation
TIMESTAMP,Expt,Expt,Expt,Expt,Expt,Expt,Expt,Expt,Expt,Expt,Expt,Expt
RECORD,Expt,Expt,Expt,Expt,Expt,Expt,Expt,Expt,Expt,Expt,Expt,Expt
BattV_Avg,Expt,Expt,Expt,Expt,Expt,Expt,Expt,Expt,Expt,Expt,Expt,Expt
PTemp_C_Avg,Expt,Expt,Expt,Expt,Expt,Expt,Expt,Expt,Expt,Expt,Expt,Expt
"CS650(1,1)",1,VolumetricWaterContent,mm3/mm3,Samp,1,1,201,0-15(InRow),2,1,Dash,Mid
"CS650(1,2)",1,ElectricalConductivity,dS/m,Samp,1,1,201,0-15(InRow),2,1,Dash,Mid
"CS650(1,3)",1,Temperature,oC,Samp,1,1,201,0-15(InRow),2,1,Dash,Mid
"CS650(1,4)",1,Permittivity,-,Samp,1,1,201,0-15(InRow),2,1,Dash,Mid
"CS650(1,5)",1,Period,uSec,Samp,1,1,201,0-15(InRow),2,1,Dash,Mid
"CS650(1,6)",1,VoltageRatio,-,Samp,1,1,201,0-15(InRow),2,1,Dash,Mid
"CS650(2,1)",2,VolumetricWaterContent,mm3/mm3,Samp,1,2,201,0-15(btwRow),2,1,Dash,Mid
"CS650(2,2)",2,ElectricalConductivity,dS/m,Samp,1,2,201,0-15(btwRow),2,1,Dash,Mid
"CS650(2,3)",2,Temperature,oC,Samp,1,2,201,0-15(btwRow),2,1,Dash,Mid
"CS650(2,4)",2,Permittivity,-,Samp,1,2,201,0-15(btwRow),2,1,Dash,Mid
"CS650(2,5)",2,Period,uSec,Samp,1,2,201,0-15(btwRow),2,1,Dash,Mid
"CS650(2,6)",2,VoltageRatio,-,Samp,1,2,201,0-15(btwRow),2,1,Dash,Mid
"CS650(3,1)",3,VolumetricWaterContent,mm3/mm3,Samp,1,3,201,15-30,2,1,Dash,Mid
"CS650(3,2)",3,ElectricalConductivity,dS/m,Samp,1,3,201,15-30,2,1,Dash,Mid
"CS650(3,3)",3,Temperature,oC,Samp,1,3,201,15-30,2,1,Dash,Mid
"CS650(3,4)",3,Permittivity,-,Samp,1,3,201,15-30,2,1,Dash,Mid
"CS650(3,5)",3,Period,uSec,Samp,1,3,201,15-30,2,1,Dash,Mid
"CS650(3,6)",3,VoltageRatio,-,Samp,1,3,201,15-30,2,1,Dash,Mid
"CS650(4,1)",4,VolumetricWaterContent,mm3/mm3,Samp,1,4,201,30-60,2,1,Dash,Mid
"CS650(4,2)",4,ElectricalConductivity,dS/m,Samp,1,4,201,30-60,2,1,Dash,Mid
"CS650(4,3)",4,Temperature,oC,Samp,1,4,201,30-60,2,1,Dash,Mid
"CS650(4,4)",4,Permittivity,-,Samp,1,4,201,30-60,2,1,Dash,Mid
"CS650(4,5)",4,Period,uSec,Samp,1,4,201,30-60,2,1,Dash,Mid
"CS650(4,6)",4,VoltageRatio,-,Samp,1,4,201,30-60,2,1,Dash,Mid
"CS650(5,1)",5,VolumetricWaterContent,mm3/mm3,Samp,1,5,201,60-90,2,1,Dash,Mid
"CS650(5,2)",5,ElectricalConductivity,dS/m,Samp,1,5,201,60-90,2,1,Dash,Mid
"CS650(5,3)",5,Temperature,oC,Samp,1,5,201,60-90,2,1,Dash,Mid
"CS650(5,4)",5,Permittivity,-,Samp,1,5,201,60-90,2,1,Dash,Mid
"CS650(5,5)",5,Period,uSec,Samp,1,5,201,60-90,2,1,Dash,Mid
"CS650(5,6)",5,VoltageRatio,-,Samp,1,5,201,60-90,2,1,Dash,Mid
"CS650(6,1)",6,VolumetricWaterContent,mm3/mm3,Samp,1,6,201,90-120,2,1,Dash,Mid
"CS650(6,2)",6,ElectricalConductivity,dS/m,Samp,1,6,201,90-120,2,1,Dash,Mid
"CS650(6,3)",6,Temperature,oC,Samp,1,6,201,90-120,2,1,Dash,Mid
"CS650(6,4)",6,Permittivity,-,Samp,1,6,201,90-120,2,1,Dash,Mid
"CS650(6,5)",6,Period,uSec,Samp,1,6,201,90-120,2,1,Dash,Mid
"CS650(6,6)",6,VoltageRatio,-,Samp,1,6,201,90-120,2,1,Dash,Mid
"CS650(7,1)",7,VolumetricWaterContent,mm3/mm3,Samp,1,7,201,120-150,2,1,Dash,Mid
"CS650(7,2)",7,ElectricalConductivity,dS/m,Samp,1,7,201,120-150,2,1,Dash,Mid
"CS650(7,3)",7,Temperature,oC,Samp,1,7,201,120-150,2,1,Dash,Mid
"CS650(7,4)",7,Permittivity,-,Samp,1,7,201,120-150,2,1,Dash,Mid
"CS650(7,5)",7,Period,uSec,Samp,1,7,201,120-150,2,1,Dash,Mid
"CS650(7,6)",7,VoltageRatio,-,Samp,1,7,201,120-150,2,1,Dash,Mid
"CS650(8,1)",8,VolumetricWaterContent,mm3/mm3,Samp,1,8,201,150-180,2,1,Dash,Mid
"CS650(8,2)",8,ElectricalConductivity,dS/m,Samp,1,8,201,150-180,2,1,Dash,Mid
"CS650(8,3)",8,Temperature,oC,Samp,1,8,201,150-180,2,1,Dash,Mid
"CS650(8,4)",8,Permittivity,-,Samp,1,8,201,150-180,2,1,Dash,Mid
"CS650(8,5)",8,Period,uSec,Samp,1,8,201,150-180,2,1,Dash,Mid
"CS650(8,6)",8,VoltageRatio,-,Samp,1,8,201,150-180,2,1,Dash,Mid
"CS650(9,1)",9,VolumetricWaterContent,mm3/mm3,Samp,1,9,202,0-15(InRow),6,1,Omaka,High
"CS650(9,2)",9,ElectricalConductivity,dS/m,Samp,1,9,202,0-15(InRow),6,1,Omaka,High
"CS650(9,3)",9,Temperature,oC,Samp,1,9,202,0-15(InRow),6,1,Omaka,High
"CS650(9,4)",9,Permittivity,-,Samp,1,9,202,0-15(InRow),6,1,Omaka,High
"CS650(9,5)",9,Period,uSec,Samp,1,9,202,0-15(InRow),6,1,Omaka,High
"CS650(9,6)",9,VoltageRatio,-,Samp,1,9,202,0-15(InRow),6,1,Omaka,High
"CS650(10,1)",10,VolumetricWaterContent,mm3/mm3,Samp,1,10,202,0-15(btwRow),6,1,Omaka,High
"CS650(10,2)",10,ElectricalConductivity,dS/m,Samp,1,10,202,0-15(btwRow),6,1,Omaka,High
"CS650(10,3)",10,Temperature,oC,Samp,1,10,202,0-15(btwRow),6,1,Omaka,High
"CS650(10,4)",10,Permittivity,-,Samp,1,10,202,0-15(btwRow),6,1,Omaka,High
"CS650(10,5)",10,Period,uSec,Samp,1,10,202,0-15(btwRow),6,1,Omaka,High
"CS650(10,6)",10,VoltageRatio,-,Samp,1,10,202,0-15(btwRow),6,1,Omaka,High
"CS650(11,1)",11,VolumetricWaterContent,mm3/mm3,Samp,1,11,202,15-30,6,1,Omaka,High
"CS650(11,2)",11,ElectricalConductivity,dS/m,Samp,1,11,202,15-30,6,1,Omaka,High
"CS650(11,3)",11,Temperature,oC,Samp,1,11,202,15-30,6,1,Omaka,High
"CS650(11,4)",11,Permittivity,-,Samp,1,11,202,15-30,6,1,Omaka,High
"CS650(11,5)",11,Period,uSec,Samp,1,11,202,15-30,6,1,Omaka,High
"CS650(11,6)",11,VoltageRatio,-,Samp,1,11,202,15-30,6,1,Omaka,High
"CS650(12,1)",12,VolumetricWaterContent,mm3/mm3,Samp,1,12,202,30-60,6,1,Omaka,High
"CS650(12,2)",12,ElectricalConductivity,dS/m,Samp,1,12,202,30-60,6,1,Omaka,High
"CS650(12,3)",12,Temperature,oC,Samp,1,12,202,30-60,6,1,Omaka,High
"CS650(12,4)",12,Permittivity,-,Samp,1,12,202,30-60,6,1,Omaka,High
"CS650(12,5)",12,Period,uSec,Samp,1,12,202,30-60,6,1,Omaka,High
"CS650(12,6)",12,VoltageRatio,-,Samp,1,12,202,30-60,6,1,Omaka,High
"CS650(13,1)",13,VolumetricWaterContent,mm3/mm3,Samp,1,13,202,60-90,6,1,Omaka,High
"CS650(13,2)",13,ElectricalConductivity,dS/m,Samp,1,13,202,60-90,6,1,Omaka,High
"CS650(13,3)",13,Temperature,oC,Samp,1,13,202,60-90,6,1,Omaka,High
"CS650(13,4)",13,Permittivity,-,Samp,1,13,202,60-90,6,1,Omaka,High
"CS650(13,5)",13,Period,uSec,Samp,1,13,202,60-90,6,1,Omaka,High
"CS650(13,6)",13,VoltageRatio,-,Samp,1,13,202,60-90,6,1,Omaka,High
"CS650(14,1)",14,VolumetricWaterContent,mm3/mm3,Samp,1,14,202,90-120,6,1,Omaka,High
"CS650(14,2)",14,ElectricalConductivity,dS/m,Samp,1,14,202,90-120,6,1,Omaka,High
"CS650(14,3)",14,Temperature,oC,Samp,1,14,202,90-120,6,1,Omaka,High
"CS650(14,4)",14,Permittivity,-,Samp,1,14,202,90-120,6,1,Omaka,High
"CS650(14,5)",14,Period,uSec,Samp,1,14,202,90-120,6,1,Omaka,High
"CS650(14,6)",14,VoltageRatio,-,Samp,1,14,202,90-120,6,1,Omaka,High
"CS650(15,1)",15,VolumetricWaterContent,mm3/mm3,Samp,1,15,202,120-150,6,1,Omaka,High
"CS650(15,2)",15,ElectricalConductivity,dS/m,Samp,1,15,202,120-150,6,1,Omaka,High
"CS650(15,3)",15,Temperature,oC,Samp,1,15,202,120-150,6,1,Omaka,High
"CS650(15,4)",15,Permittivity,-,Samp,1,15,202,120-150,6,1,Omaka,High
"CS650(15,5)",15,Period,uSec,Samp,1,15,202,120-150,6,1,Omaka,High
"CS650(15,6)",15,VoltageRatio,-,Samp,1,15,202,120-150,6,1,Omaka,High
"CS650(16,1)",16,VolumetricWaterContent,mm3/mm3,Samp,1,16,202,150-180,6,1,Omaka,High
"CS650(16,2)",16,ElectricalConductivity,dS/m,Samp,1,16,202,150-180,6,1,Omaka,High
"CS650(16,3)",16,Temperature,oC,Samp,1,16,202,150-180,6,1,Omaka,High
"CS650(16,4)",16,Permittivity,-,Samp,1,16,202,150-180,6,1,Omaka,High
"CS650(16,5)",16,Period,uSec,Samp,1,16,202,150-180,6,1,Omaka,High
"CS650(16,6)",16,VoltageRatio,-,Samp,1,16,202,150-180,6,1,Omaka,High
"CS650(17,1)",17,VolumetricWaterContent,mm3/mm3,Samp,1,17,203,0-15(InRow),5,1,Omaka,Mid
"CS650(17,2)",17,ElectricalConductivity,dS/m,Samp,1,17,203,0-15(InRow),5,1,Omaka,Mid
"CS650(17,3)",17,Temperature,oC,Samp,1,17,203,0-15(InRow),5,1,Omaka,Mid
"CS650(17,4)",17,Permittivity,-,Samp,1,17,203,0-15(InRow),5,1,Omaka,Mid
"CS650(17,5)",17,Period,uSec,Samp,1,17,203,0-15(InRow),5,1,Omaka,Mid
"CS650(17,6)",17,VoltageRatio,-,Samp,1,17,203,0-15(InRow),5,1,Omaka,Mid
"CS650(18,1)",18,VolumetricWaterContent,mm3/mm3,Samp,1,18,203,0-15(btwRow),5,1,Omaka,Mid
"CS650(18,2)",18,ElectricalConductivity,dS/m,Samp,1,18,203,0-15(btwRow),5,1,Omaka,Mid
"CS650(18,3)",18,Temperature,oC,Samp,1,18,203,0-15(btwRow),5,1,Omaka,Mid
"CS650(18,4)",18,Permittivity,-,Samp,1,18,203,0-15(btwRow),5,1,Omaka,Mid
"CS650(18,5)",18,Period,uSec,Samp,1,18,203,0-15(btwRow),5,1,Omaka,Mid
"CS650(18,6)",18,VoltageRatio,-,Samp,1,18,203,0-15(btwRow),5,1,Omaka,Mid
"CS650(19,1)",19,VolumetricWaterContent,mm3/mm3,Samp,1,19,203,15-30,5,1,Omaka,Mid
"CS650(19,2)",19,ElectricalConductivity,dS/m,Samp,1,19,203,15-30,5,1,Omaka,Mid
"CS650(19,3)",19,Temperature,oC,Samp,1,19,203,15-30,5,1,Omaka,Mid
"CS650(19,4)",19,Permittivity,-,Samp,1,19,203,15-30,5,1,Omaka,Mid
"CS650(19,5)",19,Period,uSec,Samp,1,19,203,15-30,5,1,Omaka,Mid
"CS650(19,6)",19,VoltageRatio,-,Samp,1,19,203,15-30,5,1,Omaka,Mid
"CS650(20,1)",20,VolumetricWaterContent,mm3/mm3,Samp,1,20,203,30-60,5,1,Omaka,Mid
"CS650(20,2)",20,ElectricalConductivity,dS/m,Samp,1,20,203,30-60,5,1,Omaka,Mid
"CS650(20,3)",20,Temperature,oC,Samp,1,20,203,30-60,5,1,Omaka,Mid
"CS650(20,4)",20,Permittivity,-,Samp,1,20,203,30-60,5,1,Omaka,Mid
"CS650(20,5)",20,Period,uSec,Samp,1,20,203,30-60,5,1,Omaka,Mid
"CS650(20,6)",20,VoltageRatio,-,Samp,1,20,203,30-60,5,1,Omaka,Mid
"CS650(21,1)",21,VolumetricWaterContent,mm3/mm3,Samp,1,21,203,60-90,5,1,Omaka,Mid
"CS650(21,2)",21,ElectricalConductivity,dS/m,Samp,1,21,203,60-90,5,1,Omaka,Mid
"CS650(21,3)",21,Temperature,oC,Samp,1,21,203,60-90,5,1,Omaka,Mid
"CS650(21,4)",21,Permittivity,-,Samp,1,21,203,60-90,5,1,Omaka,Mid
"CS650(21,5)",21,Period,uSec,Samp,1,21,203,60-90,5,1,Omaka,Mid
"CS650(21,6)",21,VoltageRatio,-,Samp,1,21,203,60-90,5,1,Omaka,Mid
"CS650(22,1)",22,VolumetricWaterContent,mm3/mm3,Samp,1,22,203,90-120,5,1,Omaka,Mid
"CS650(22,2)",22,ElectricalConductivity,dS/m,Samp,1,22,203,90-120,5,1,Omaka,Mid
"CS650(22,3)",22,Temperature,oC,Samp,1,22,203,90-120,5,1,Omaka,Mid
"CS650(22,4)",22,Permittivity,-,Samp,1,22,203,90-120,5,1,Omaka,Mid
"CS650(22,5)",22,Period,uSec,Samp,1,22,203,90-120,5,1,Omaka,Mid
"CS650(22,6)",22,VoltageRatio,-,Samp,1,22,203,90-120,5,1,Omaka,Mid
"CS650(23,1)",23,VolumetricWaterContent,mm3/mm3,Samp,1,23,203,120-150,5,1,Omaka,Mid
"CS650(23,2)",23,ElectricalConductivity,dS/m,Samp,1,23,203,120-150,5,1,Omaka,Mid
"CS650(23,3)",23,Temperature,oC,Samp,1,23,203,120-150,5,1,Omaka,Mid
"CS650(23,4)",23,Permittivity,-,Samp,1,23,203,120-150,5,1,Omaka,Mid
"CS650(23,5)",23,Period,uSec,Samp,1,23,203,120-150,5,1,Omaka,Mid
"CS650(23,6)",23,VoltageRatio,-,Samp,1,23,203,120-150,5,1,Omaka,Mid
"CS650(24,1)",24,VolumetricWaterContent,mm3/mm3,Samp,1,24,203,150-180,5,1,Omaka,Mid
"CS650(24,2)",24,ElectricalConductivity,dS/m,Samp,1,24,203,150-180,5,1,Omaka,Mid
"CS650(24,3)",24,Temperature,oC,Samp,1,24,203,150-180,5,1,Omaka,Mid
"CS650(24,4)",24,Permittivity,-,Samp,1,24,203,150-180,5,1,Omaka,Mid
"CS650(24,5)",24,Period,uSec,Samp,1,24,203,150-180,5,1,Omaka,Mid
"CS650(24,6)",24,VoltageRatio,-,Samp,1,24,203,150-180,5,1,Omaka,Mid
"CS650(25,1)",25,VolumetricWaterContent,mm3/mm3,Samp,1,25,204,0-15(InRow),1,1,Dash,Low
"CS650(25,2)",25,ElectricalConductivity,dS/m,Samp,1,25,204,0-15(InRow),1,1,Dash,Low
"CS650(25,3)",25,Temperature,oC,Samp,1,25,204,0-15(InRow),1,1,Dash,Low
"CS650(25,4)",25,Permittivity,-,Samp,1,25,204,0-15(InRow),1,1,Dash,Low
"CS650(25,5)",25,Period,uSec,Samp,1,25,204,0-15(InRow),1,1,Dash,Low
"CS650(25,6)",25,VoltageRatio,-,Samp,1,25,204,0-15(InRow),1,1,Dash,Low
"CS650(26,1)",26,VolumetricWaterContent,mm3/mm3,Samp,1,26,204,0-15(btwRow),1,1,Dash,Low
"CS650(26,2)",26,ElectricalConductivity,dS/m,Samp,1,26,204,0-15(btwRow),1,1,Dash,Low
"CS650(26,3)",26,Temperature,oC,Samp,1,26,204,0-15(btwRow),1,1,Dash,Low
"CS650(26,4)",26,Permittivity,-,Samp,1,26,204,0-15(btwRow),1,1,Dash,Low
"CS650(26,5)",26,Period,uSec,Samp,1,26,204,0-15(btwRow),1,1,Dash,Low
"CS650(26,6)",26,VoltageRatio,-,Samp,1,26,204,0-15(btwRow),1,1,Dash,Low
"CS650(27,1)",27,VolumetricWaterContent,mm3/mm3,Samp,1,27,204,15-30,1,1,Dash,Low
"CS650(27,2)",27,ElectricalConductivity,dS/m,Samp,1,27,204,15-30,1,1,Dash,Low
"CS650(27,3)",27,Temperature,oC,Samp,1,27,204,15-30,1,1,Dash,Low
"CS650(27,4)",27,Permittivity,-,Samp,1,27,204,15-30,1,1,Dash,Low
"CS650(27,5)",27,Period,uSec,Samp,1,27,204,15-30,1,1,Dash,Low
"CS650(27,6)",27,VoltageRatio,-,Samp,1,27,204,15-30,1,1,Dash,Low
"CS650(28,1)",28,VolumetricWaterContent,mm3/mm3,Samp,1,28,204,30-60,1,1,Dash,Low
"CS650(28,2)",28,ElectricalConductivity,dS/m,Samp,1,28,204,30-60,1,1,Dash,Low
"CS650(28,3)",28,Temperature,oC,Samp,1,28,204,30-60,1,1,Dash,Low
"CS650(28,4)",28,Permittivity,-,Samp,1,28,204,30-60,1,1,Dash,Low
"CS650(28,5)",28,Period,uSec,Samp,1,28,204,30-60,1,1,Dash,Low
"CS650(28,6)",28,VoltageRatio,-,Samp,1,28,204,30-60,1,1,Dash,Low
"CS650(29,1)",29,VolumetricWaterContent,mm3/mm3,Samp,1,29,204,60-90,1,1,Dash,Low
"CS650(29,2)",29,ElectricalConductivity,dS/m,Samp,1,29,204,60-90,1,1,Dash,Low
"CS650(29,3)",29,Temperature,oC,Samp,1,29,204,60-90,1,1,Dash,Low
"CS650(29,4)",29,Permittivity,-,Samp,1,29,204,60-90,1,1,Dash,Low
"CS650(29,5)",29,Period,uSec,Samp,1,29,204,60-90,1,1,Dash,Low
"CS650(29,6)",29,VoltageRatio,-,Samp,1,29,204,60-90,1,1,Dash,Low
"CS650(30,1)",30,VolumetricWaterContent,mm3/mm3,Samp,1,30,204,90-120,1,1,Dash,Low
"CS650(30,2)",30,ElectricalConductivity,dS/m,Samp,1,30,204,90-120,1,1,Dash,Low
"CS650(30,3)",30,Temperature,oC,Samp,1,30,204,90-120,1,1,Dash,Low
"CS650(30,4)",30,Permittivity,-,Samp,1,30,204,90-120,1,1,Dash,Low
"CS650(30,5)",30,Period,uSec,Samp,1,30,204,90-120,1,1,Dash,Low
"CS650(30,6)",30,VoltageRatio,-,Samp,1,30,204,90-120,1,1,Dash,Low
"CS650(31,1)",31,VolumetricWaterContent,mm3/mm3,Samp,1,31,204,120-150,1,1,Dash,Low
"CS650(31,2)",31,ElectricalConductivity,dS/m,Samp,1,31,204,120-150,1,1,Dash,Low
"CS650(31,3)",31,Temperature,oC,Samp,1,31,204,120-150,1,1,Dash,Low
"CS650(31,4)",31,Permittivity,-,Samp,1,31,204,120-150,1,1,Dash,Low
"CS650(31,5)",31,Period,uSec,Samp,1,31,204,120-150,1,1,Dash,Low
"CS650(31,6)",31,VoltageRatio,-,Samp,1,31,204,120-150,1,1,Dash,Low
"CS650(32,1)",32,VolumetricWaterContent,mm3/mm3,Samp,1,32,204,150-180,1,1,Dash,Low
"CS650(32,2)",32,ElectricalConductivity,dS/m,Samp,1,32,204,150-180,1,1,Dash,Low
"CS650(32,3)",32,Temperature,oC,Samp,1,32,204,150-180,1,1,Dash,Low
"CS650(32,4)",32,Permittivity,-,Samp,1,32,204,150-180,1,1,Dash,Low
"CS650(32,5)",32,Period,uSec,Samp,1,32,204,150-180,1,1,Dash,Low
"CS650(32,6)",32,VoltageRatio,-,Samp,1,32,204,150-180,1,1,Dash,Low
"CS650(33,1)",33,VolumetricWaterContent,mm3/mm3,Samp,2,1,205,0-15(InRow),4,1,Omaka,Low
"CS650(33,2)",33,ElectricalConductivity,dS/m,Samp,2,1,205,0-15(InRow),4,1,Omaka,Low
"CS650(33,3)",33,Temperature,oC,Samp,2,1,205,0-15(InRow),4,1,Omaka,Low
"CS650(33,4)",33,Permittivity,-,Samp,2,1,205,0-15(InRow),4,1,Omaka,Low
"CS650(33,5)",33,Period,uSec,Samp,2,1,205,0-15(InRow),4,1,Omaka,Low
"CS650(33,6)",33,VoltageRatio,-,Samp,2,1,205,0-15(InRow),4,1,Omaka,Low
"CS650(34,1)",34,VolumetricWaterContent,mm3/mm3,Samp,2,2,205,0-15(btwRow),4,1,Omaka,Low
"CS650(34,2)",34,ElectricalConductivity,dS/m,Samp,2,2,205,0-15(btwRow),4,1,Omaka,Low
"CS650(34,3)",34,Temperature,oC,Samp,2,2,205,0-15(btwRow),4,1,Omaka,Low
"CS650(34,4)",34,Permittivity,-,Samp,2,2,205,0-15(btwRow),4,1,Omaka,Low
"CS650(34,5)",34,Period,uSec,Samp,2,2,205,0-15(btwRow),4,1,Omaka,Low
"CS650(34,6)",34,VoltageRatio,-,Samp,2,2,205,0-15(btwRow),4,1,Omaka,Low
"CS650(35,1)",35,VolumetricWaterContent,mm3/mm3,Samp,2,3,205,15-30,4,1,Omaka,Low
"CS650(35,2)",35,ElectricalConductivity,dS/m,Samp,2,3,205,15-30,4,1,Omaka,Low
"CS650(35,3)",35,Temperature,oC,Samp,2,3,205,15-30,4,1,Omaka,Low
"CS650(35,4)",35,Permittivity,-,Samp,2,3,205,15-30,4,1,Omaka,Low
"CS650(35,5)",35,Period,uSec,Samp,2,3,205,15-30,4,1,Omaka,Low
"CS650(35,6)",35,VoltageRatio,-,Samp,2,3,205,15-30,4,1,Omaka,Low
"CS650(36,1)",36,VolumetricWaterContent,mm3/mm3,Samp,2,4,205,30-60,4,1,Omaka,Low
"CS650(36,2)",36,ElectricalConductivity,dS/m,Samp,2,4,205,30-60,4,1,Omaka,Low
"CS650(36,3)",36,Temperature,oC,Samp,2,4,205,30-60,4,1,Omaka,Low
"CS650(36,4)",36,Permittivity,-,Samp,2,4,205,30-60,4,1,Omaka,Low
"CS650(36,5)",36,Period,uSec,Samp,2,4,205,30-60,4,1,Omaka,Low
"CS650(36,6)",36,VoltageRatio,-,Samp,2,4,205,30-60,4,1,Omaka,Low
"CS650(37,1)",37,VolumetricWaterContent,mm3/mm3,Samp,2,5,205,60-90,4,1,Omaka,Low
"CS650(37,2)",37,ElectricalConductivity,dS/m,Samp,2,5,205,60-90,4,1,Omaka,Low
"CS650(37,3)",37,Temperature,oC,Samp,2,5,205,60-90,4,1,Omaka,Low
"CS650(37,4)",37,Permittivity,-,Samp,2,5,205,60-90,4,1,Omaka,Low
"CS650(37,5)",37,Period,uSec,Samp,2,5,205,60-90,4,1,Omaka,Low
"CS650(37,6)",37,VoltageRatio,-,Samp,2,5,205,60-90,4,1,Omaka,Low
"CS650(38,1)",38,VolumetricWaterContent,mm3/mm3,Samp,2,6,205,90-120,4,1,Omaka,Low
"CS650(38,2)",38,ElectricalConductivity,dS/m,Samp,2,6,205,90-120,4,1,Omaka,Low
"CS650(38,3)",38,Temperature,oC,Samp,2,6,205,90-120,4,1,Omaka,Low
"CS650(38,4)",38,Permittivity,-,Samp,2,6,205,90-120,4,1,Omaka,Low
"CS650(38,5)",38,Period,uSec,Samp,2,6,205,90-120,4,1,Omaka,Low
"CS650(38,6)",38,VoltageRatio,-,Samp,2,6,205,90-120,4,1,Omaka,Low
"CS650(39,1)",39,VolumetricWaterContent,mm3/mm3,Samp,2,7,205,120-150,4,1,Omaka,Low
"CS650(39,2)",39,ElectricalConductivity,dS/m,Samp,2,7,205,120-150,4,1,Omaka,Low
"CS650(39,3)",39,Temperature,oC,Samp,2,7,205,120-150,4,1,Omaka,Low
"CS650(39,4)",39,Permittivity,-,Samp,2,7,205,120-150,4,1,Omaka,Low
"CS650(39,5)",39,Period,uSec,Samp,2,7,205,120-150,4,1,Omaka,Low
"CS650(39,6)",39,VoltageRatio,-,Samp,2,7,205,120-150,4,1,Omaka,Low
"CS650(40,1)",40,VolumetricWaterContent,mm3/mm3,Samp,2,8,205,150-180,4,1,Omaka,Low
"CS650(40,2)",40,ElectricalConductivity,dS/m,Samp,2,8,205,150-180,4,1,Omaka,Low
"CS650(40,3)",40,Temperature,oC,Samp,2,8,205,150-180,4,1,Omaka,Low
"CS650(40,4)",40,Permittivity,-,Samp,2,8,205,150-180,4,1,Omaka,Low
"CS650(40,5)",40,Period,uSec,Samp,2,8,205,150-180,4,1,Omaka,Low
"CS650(40,6)",40,VoltageRatio,-,Samp,2,8,205,150-180,4,1,Omaka,Low
"CS650(41,1)",41,VolumetricWaterContent,mm3/mm3,Samp,2,9,206,0-15(InRow),3,1,Dash,High
"CS650(41,2)",41,ElectricalConductivity,dS/m,Samp,2,9,206,0-15(InRow),3,1,Dash,High
"CS650(41,3)",41,Temperature,oC,Samp,2,9,206,0-15(InRow),3,1,Dash,High
"CS650(41,4)",41,Permittivity,-,Samp,2,9,206,0-15(InRow),3,1,Dash,High
"CS650(41,5)",41,Period,uSec,Samp,2,9,206,0-15(InRow),3,1,Dash,High
"CS650(41,6)",41,VoltageRatio,-,Samp,2,9,206,0-15(InRow),3,1,Dash,High
"CS650(42,1)",42,VolumetricWaterContent,mm3/mm3,Samp,2,10,206,0-15(btwRow),3,1,Dash,High
"CS650(42,2)",42,ElectricalConductivity,dS/m,Samp,2,10,206,0-15(btwRow),3,1,Dash,High
"CS650(42,3)",42,Temperature,oC,Samp,2,10,206,0-15(btwRow),3,1,Dash,High
"CS650(42,4)",42,Permittivity,-,Samp,2,10,206,0-15(btwRow),3,1,Dash,High
"CS650(42,5)",42,Period,uSec,Samp,2,10,206,0-15(btwRow),3,1,Dash,High
"CS650(42,6)",42,VoltageRatio,-,Samp,2,10,206,0-15(btwRow),3,1,Dash,High
"CS650(43,1)",43,VolumetricWaterContent,mm3/mm3,Samp,2,11,206,15-30,3,1,Dash,High
"CS650(43,2)",43,ElectricalConductivity,dS/m,Samp,2,11,206,15-30,3,1,Dash,High
"CS650(43,3)",43,Temperature,oC,Samp,2,11,206,15-30,3,1,Dash,High
"CS650(43,4)",43,Permittivity,-,Samp,2,11,206,15-30,3,1,Dash,High
"CS650(43,5)",43,Period,uSec,Samp,2,11,206,15-30,3,1,Dash,High
"CS650(43,6)",43,VoltageRatio,-,Samp,2,11,206,15-30,3,1,Dash,High
"CS650(44,1)",44,VolumetricWaterContent,mm3/mm3,Samp,2,12,206,30-60,3,1,Dash,High
"CS650(44,2)",44,ElectricalConductivity,dS/m,Samp,2,12,206,30-60,3,1,Dash,High
"CS650(44,3)",44,Temperature,oC,Samp,2,12,206,30-60,3,1,Dash,High
"CS650(44,4)",44,Permittivity,-,Samp,2,12,206,30-60,3,1,Dash,High
"CS650(44,5)",44,Period,uSec,Samp,2,12,206,30-60,3,1,Dash,High
"CS650(44,6)",44,VoltageRatio,-,Samp,2,12,206,30-60,3,1,Dash,High
"CS650(45,1)",45,VolumetricWaterContent,mm3/mm3,Samp,2,13,206,60-90,3,1,Dash,High
"CS650(45,2)",45,ElectricalConductivity,dS/m,Samp,2,13,206,60-90,3,1,Dash,High
"CS650(45,3)",45,Temperature,oC,Samp,2,13,206,60-90,3,1,Dash,High
"CS650(45,4)",45,Permittivity,-,Samp,2,13,206,60-90,3,1,Dash,High
"CS650(45,5)",45,Period,uSec,Samp,2,13,206,60-90,3,1,Dash,High
"CS650(45,6)",45,VoltageRatio,-,Samp,2,13,206,60-90,3,1,Dash,High
"CS650(46,1)",46,VolumetricWaterContent,mm3/mm3,Samp,2,14,206,90-120,3,1,Dash,High
"CS650(46,2)",46,ElectricalConductivity,dS/m,Samp,2,14,206,90-120,3,1,Dash,High
"CS650(46,3)",46,Temperature,oC,Samp,2,14,206,90-120,3,1,Dash,High
"CS650(46,4)",46,Permittivity,-,Samp,2,14,206,90-120,3,1,Dash,High
"CS650(46,5)",46,Period,uSec,Samp,2,14,206,90-120,3,1,Dash,High
"CS650(46,6)",46,VoltageRatio,-,Samp,2,14,206,90-120,3,1,Dash,High
"CS650(47,1)",47,VolumetricWaterContent,mm3/mm3,Samp,2,15,206,120-150,3,1,Dash,High
"CS650(47,2)",47,ElectricalConductivity,dS/m,Samp,2,15,206,120-150,3,1,Dash,High
"CS650(47,3)",47,Temperature,oC,Samp,2,15,206,120-150,3,1,Dash,High
"CS650(47,4)",47,Permittivity,-,Samp,2,15,206,120-150,3,1,Dash,High
"CS650(47,5)",47,Period,uSec,Samp,2,15,206,120-150,3,1,Dash,High
"CS650(47,6)",47,VoltageRatio,-,Samp,2,15,206,120-150,3,1,Dash,High
"CS650(48,1)",48,VolumetricWaterContent,mm3/mm3,Samp,2,16,206,150-180,3,1,Dash,High
"CS650(48,2)",48,ElectricalConductivity,dS/m,Samp,2,16,206,150-180,3,1,Dash,High
"CS650(48,3)",48,Temperature,oC,Samp,2,16,206,150-180,3,1,Dash,High
"CS650(48,4)",48,Permittivity,-,Samp,2,16,206,150-180,3,1,Dash,High
"CS650(48,5)",48,Period,uSec,Samp,2,16,206,150-180,3,1,Dash,High
"CS650(48,6)",48,VoltageRatio,-,Samp,2,16,206,150-180,3,1,Dash,High
"CS650(49,1)",49,VolumetricWaterContent,mm3/mm3,Samp,2,17,207,0-15(InRow),2,2,Dash,Mid
"CS650(49,2)",49,ElectricalConductivity,dS/m,Samp,2,17,207,0-15(InRow),2,2,Dash,Mid
"CS650(49,3)",49,Temperature,oC,Samp,2,17,207,0-15(InRow),2,2,Dash,Mid
"CS650(49,4)",49,Permittivity,-,Samp,2,17,207,0-15(InRow),2,2,Dash,Mid
"CS650(49,5)",49,Period,uSec,Samp,2,17,207,0-15(InRow),2,2,Dash,Mid
"CS650(49,6)",49,VoltageRatio,-,Samp,2,17,207,0-15(InRow),2,2,Dash,Mid
"CS650(50,1)",50,VolumetricWaterContent,mm3/mm3,Samp,2,18,207,0-15(btwRow),2,2,Dash,Mid
"CS650(50,2)",50,ElectricalConductivity,dS/m,Samp,2,18,207,0-15(btwRow),2,2,Dash,Mid
"CS650(50,3)",50,Temperature,oC,Samp,2,18,207,0-15(btwRow),2,2,Dash,Mid
"CS650(50,4)",50,Permittivity,-,Samp,2,18,207,0-15(btwRow),2,2,Dash,Mid
"CS650(50,5)",50,Period,uSec,Samp,2,18,207,0-15(btwRow),2,2,Dash,Mid
"CS650(50,6)",50,VoltageRatio,-,Samp,2,18,207,0-15(btwRow),2,2,Dash,Mid
"CS650(51,1)",51,VolumetricWaterContent,mm3/mm3,Samp,2,19,207,15-30,2,2,Dash,Mid
"CS650(51,2)",51,ElectricalConductivity,dS/m,Samp,2,19,207,15-30,2,2,Dash,Mid
"CS650(51,3)",51,Temperature,oC,Samp,2,19,207,15-30,2,2,Dash,Mid
"CS650(51,4)",51,Permittivity,-,Samp,2,19,207,15-30,2,2,Dash,Mid
"CS650(51,5)",51,Period,uSec,Samp,2,19,207,15-30,2,2,Dash,Mid
"CS650(51,6)",51,VoltageRatio,-,Samp,2,19,207,15-30,2,2,Dash,Mid
"CS650(52,1)",52,VolumetricWaterContent,mm3/mm3,Samp,2,20,207,30-60,2,2,Dash,Mid
"CS650(52,2)",52,ElectricalConductivity,dS/m,Samp,2,20,207,30-60,2,2,Dash,Mid
"CS650(52,3)",52,Temperature,oC,Samp,2,20,207,30-60,2,2,Dash,Mid
"CS650(52,4)",52,Permittivity,-,Samp,2,20,207,30-60,2,2,Dash,Mid
"CS650(52,5)",52,Period,uSec,Samp,2,20,207,30-60,2,2,Dash,Mid
"CS650(52,6)",52,VoltageRatio,-,Samp,2,20,207,30-60,2,2,Dash,Mid
"CS650(53,1)",53,VolumetricWaterContent,mm3/mm3,Samp,2,21,207,60-90,2,2,Dash,Mid
"CS650(53,2)",53,ElectricalConductivity,dS/m,Samp,2,21,207,60-90,2,2,Dash,Mid
"CS650(53,3)",53,Temperature,oC,Samp,2,21,207,60-90,2,2,Dash,Mid
"CS650(53,4)",53,Permittivity,-,Samp,2,21,207,60-90,2,2,Dash,Mid
"CS650(53,5)",53,Period,uSec,Samp,2,21,207,60-90,2,2,Dash,Mid
"CS650(53,6)",53,VoltageRatio,-,Samp,2,21,207,60-90,2,2,Dash,Mid
"CS650(54,1)",54,VolumetricWaterContent,mm3/mm3,Samp,2,22,207,90-120,2,2,Dash,Mid
"CS650(54,2)",54,ElectricalConductivity,dS/m,Samp,2,22,207,90-120,2,2,Dash,Mid
"CS650(54,3)",54,Temperature,oC,Samp,2,22,207,90-120,2,2,Dash,Mid
"CS650(54,4)",54,Permittivity,-,Samp,2,22,207,90-120,2,2,Dash,Mid
"CS650(54,5)",54,Period,uSec,Samp,2,22,207,90-120,2,2,Dash,Mid
"CS650(54,6)",54,VoltageRatio,-,Samp,2,22,207,90-120,2,2,Dash,Mid
"CS650(55,1)",55,VolumetricWaterContent,mm3/mm3,Samp,2,23,207,120-150,2,2,Dash,Mid
"CS650(55,2)",55,ElectricalConductivity,dS/m,Samp,2,23,207,120-150,2,2,Dash,Mid
"CS650(55,3)",55,Temperature,oC,Samp,2,23,207,120-150,2,2,Dash,Mid
"CS650(55,4)",55,Permittivity,-,Samp,2,23,207,120-150,2,2,Dash,Mid
"CS650(55,5)",55,Period,uSec,Samp,2,23,207,120-150,2,2,Dash,Mid
"CS650(55,6)",55,VoltageRatio,-,Samp,2,23,207,120-150,2,2,Dash,Mid
"CS650(56,1)",56,VolumetricWaterContent,mm3/mm3,Samp,2,24,207,150-180,2,2,Dash,Mid
"CS650(56,2)",56,ElectricalConductivity,dS/m,Samp,2,24,207,150-180,2,2,Dash,Mid
"CS650(56,3)",56,Temperature,oC,Samp,2,24,207,150-180,2,2,Dash,Mid
"CS650(56,4)",56,Permittivity,-,Samp,2,24,207,150-180,2,2,Dash,Mid
"CS650(56,5)",56,Period,uSec,Samp,2,24,207,150-180,2,2,Dash,Mid
"CS650(56,6)",56,VoltageRatio,-,Samp,2,24,207,150-180,2,2,Dash,Mid
"CS650(57,1)",57,VolumetricWaterContent,mm3/mm3,Samp,2,25,208,0-15(InRow),6,2,Omaka,High
"CS650(57,2)",57,ElectricalConductivity,dS/m,Samp,2,25,208,0-15(InRow),6,2,Omaka,High
"CS650(57,3)",57,Temperature,oC,Samp,2,25,208,0-15(InRow),6,2,Omaka,High
"CS650(57,4)",57,Permittivity,-,Samp,2,25,208,0-15(InRow),6,2,Omaka,High
"CS650(57,5)",57,Period,uSec,Samp,2,25,208,0-15(InRow),6,2,Omaka,High
"CS650(57,6)",57,VoltageRatio,-,Samp,2,25,208,0-15(InRow),6,2,Omaka,High
"CS650(58,1)",58,VolumetricWaterContent,mm3/mm3,Samp,2,26,208,0-15(btwRow),6,2,Omaka,High
"CS650(58,2)",58,ElectricalConductivity,dS/m,Samp,2,26,208,0-15(btwRow),6,2,Omaka,High
"CS650(58,3)",58,Temperature,oC,Samp,2,26,208,0-15(btwRow),6,2,Omaka,High
"CS650(58,4)",58,Permittivity,-,Samp,2,26,208,0-15(btwRow),6,2,Omaka,High
"CS650(58,5)",58,Period,uSec,Samp,2,26,208,0-15(btwRow),6,2,Omaka,High
"CS650(58,6)",58,VoltageRatio,-,Samp,2,26,208,0-15(btwRow),6,2,Omaka,High
"CS650(59,1)",59,VolumetricWaterContent,mm3/mm3,Samp,2,27,208,15-30,6,2,Omaka,High
"CS650(59,2)",59,ElectricalConductivity,dS/m,Samp,2,27,208,15-30,6,2,Omaka,High
"CS650(59,3)",59,Temperature,oC,Samp,2,27,208,15-30,6,2,Omaka,High
"CS650(59,4)",59,Permittivity,-,Samp,2,27,208,15-30,6,2,Omaka,High
"CS650(59,5)",59,Period,uSec,Samp,2,27,208,15-30,6,2,Omaka,High
"CS650(59,6)",59,VoltageRatio,-,Samp,2,27,208,15-30,6,2,Omaka,High
"CS650(60,1)",60,VolumetricWaterContent,mm3/mm3,Samp,2,28,208,30-60,6,2,Omaka,High
"CS650(60,2)",60,ElectricalConductivity,dS/m,Samp,2,28,208,30-60,6,2,Omaka,High
"CS650(60,3)",60,Temperature,oC,Samp,2,28,208,30-60,6,2,Omaka,High
"CS650(60,4)",60,Permittivity,-,Samp,2,28,208,30-60,6,2,Omaka,High
"CS650(60,5)",60,Period,uSec,Samp,2,28,208,30-60,6,2,Omaka,High
"CS650(60,6)",60,VoltageRatio,-,Samp,2,28,208,30-60,6,2,Omaka,High
"CS650(61,1)",61,VolumetricWaterContent,mm3/mm3,Samp,2,29,208,60-90,6,2,Omaka,High
"CS650(61,2)",61,ElectricalConductivity,dS/m,Samp,2,29,208,60-90,6,2,Omaka,High
"CS650(61,3)",61,Temperature,oC,Samp,2,29,208,60-90,6,2,Omaka,High
"CS650(61,4)",61,Permittivity,-,Samp,2,29,208,60-90,6,2,Omaka,High
"CS650(61,5)",61,Period,uSec,Samp,2,29,208,60-90,6,2,Omaka,High
"CS650(61,6)",61,VoltageRatio,-,Samp,2,29,208,60-90,6,2,Omaka,High
"CS650(62,1)",62,VolumetricWaterContent,mm3/mm3,Samp,2,30,208,90-120,6,2,Omaka,High
"CS650(62,2)",62,ElectricalConductivity,dS/m,Samp,2,30,208,90-120,6,2,Omaka,High
"CS650(62,3)",62,Temperature,oC,Samp,2,30,208,90-120,6,2,Omaka,High
"CS650(62,4)",62,Permittivity,-,Samp,2,30,208,90-120,6,2,Omaka,High
"CS650(62,5)",62,Period,uSec,Samp,2,30,208,90-120,6,2,Omaka,High
"CS650(62,6)",62,VoltageRatio,-,Samp,2,30,208,90-120,6,2,Omaka,High
"CS650(63,1)",63,VolumetricWaterContent,mm3/mm3,Samp,2,31,208,120-150,6,2,Omaka,High
"CS650(63,2)",63,ElectricalConductivity,dS/m,Samp,2,31,208,120-150,6,2,Omaka,High
"CS650(63,3)",63,Temperature,oC,Samp,2,31,208,120-150,6,2,Omaka,High
"CS650(63,4)",63,Permittivity,-,Samp,2,31,208,120-150,6,2,Omaka,High
"CS650(63,5)",63,Period,uSec,Samp,2,31,208,120-150,6,2,Omaka,High
"CS650(63,6)",63,VoltageRatio,-,Samp,2,31,208,120-150,6,2,Omaka,High
"CS650(64,1)",64,VolumetricWaterContent,mm3/mm3,Samp,2,32,208,150-180,6,2,Omaka,High
"CS650(64,2)",64,ElectricalConductivity,dS/m,Samp,2,32,208,150-180,6,2,Omaka,High
"CS650(64,3)",64,Temperature,oC,Samp,2,32,208,150-180,6,2,Omaka,High
"CS650(64,4)",64,Permittivity,-,Samp,2,32,208,150-180,6,2,Omaka,High
"CS650(64,5)",64,Period,uSec,Samp,2,32,208,150-180,6,2,Omaka,High
"CS650(64,6)",64,VoltageRatio,-,Samp,2,32,208,150-180,6,2,Omaka,High
"CS650(65,1)",65,VolumetricWaterContent,mm3/mm3,Samp,3,1,209,0-15(InRow),1,2,Dash,Low
"CS650(65,2)",65,ElectricalConductivity,dS/m,Samp,3,1,209,0-15(InRow),1,2,Dash,Low
"CS650(65,3)",65,Temperature,oC,Samp,3,1,209,0-15(InRow),1,2,Dash,Low
"CS650(65,4)",65,Permittivity,-,Samp,3,1,209,0-15(InRow),1,2,Dash,Low
"CS650(65,5)",65,Period,uSec,Samp,3,1,209,0-15(InRow),1,2,Dash,Low
"CS650(65,6)",65,VoltageRatio,-,Samp,3,1,209,0-15(InRow),1,2,Dash,Low
"CS650(66,1)",66,VolumetricWaterContent,mm3/mm3,Samp,3,2,209,0-15(btwRow),1,2,Dash,Low
"CS650(66,2)",66,ElectricalConductivity,dS/m,Samp,3,2,209,0-15(btwRow),1,2,Dash,Low
"CS650(66,3)",66,Temperature,oC,Samp,3,2,209,0-15(btwRow),1,2,Dash,Low
"CS650(66,4)",66,Permittivity,-,Samp,3,2,209,0-15(btwRow),1,2,Dash,Low
"CS650(66,5)",66,Period,uSec,Samp,3,2,209,0-15(btwRow),1,2,Dash,Low
"CS650(66,6)",66,VoltageRatio,-,Samp,3,2,209,0-15(btwRow),1,2,Dash,Low
"CS650(67,1)",67,VolumetricWaterContent,mm3/mm3,Samp,3,3,209,15-30,1,2,Dash,Low
"CS650(67,2)",67,ElectricalConductivity,dS/m,Samp,3,3,209,15-30,1,2,Dash,Low
"CS650(67,3)",67,Temperature,oC,Samp,3,3,209,15-30,1,2,Dash,Low
"CS650(67,4)",67,Permittivity,-,Samp,3,3,209,15-30,1,2,Dash,Low
"CS650(67,5)",67,Period,uSec,Samp,3,3,209,15-30,1,2,Dash,Low
"CS650(67,6)",67,VoltageRatio,-,Samp,3,3,209,15-30,1,2,Dash,Low
"CS650(68,1)",68,VolumetricWaterContent,mm3/mm3,Samp,3,4,209,30-60,1,2,Dash,Low
"CS650(68,2)",68,ElectricalConductivity,dS/m,Samp,3,4,209,30-60,1,2,Dash,Low
"CS650(68,3)",68,Temperature,oC,Samp,3,4,209,30-60,1,2,Dash,Low
"CS650(68,4)",68,Permittivity,-,Samp,3,4,209,30-60,1,2,Dash,Low
"CS650(68,5)",68,Period,uSec,Samp,3,4,209,30-60,1,2,Dash,Low
"CS650(68,6)",68,VoltageRatio,-,Samp,3,4,209,30-60,1,2,Dash,Low
"CS650(69,1)",69,VolumetricWaterContent,mm3/mm3,Samp,3,5,209,60-90,1,2,Dash,Low
"CS650(69,2)",69,ElectricalConductivity,dS/m,Samp,3,5,209,60-90,1,2,Dash,Low
"CS650(69,3)",69,Temperature,oC,Samp,3,5,209,60-90,1,2,Dash,Low
"CS650(69,4)",69,Permittivity,-,Samp,3,5,209,60-90,1,2,Dash,Low
"CS650(69,5)",69,Period,uSec,Samp,3,5,209,60-90,1,2,Dash,Low
"CS650(69,6)",69,VoltageRatio,-,Samp,3,5,209,60-90,1,2,Dash,Low
"CS650(70,1)",70,VolumetricWaterContent,mm3/mm3,Samp,3,6,209,90-120,1,2,Dash,Low
"CS650(70,2)",70,ElectricalConductivity,dS/m,Samp,3,6,209,90-120,1,2,Dash,Low
"CS650(70,3)",70,Temperature,oC,Samp,3,6,209,90-120,1,2,Dash,Low
"CS650(70,4)",70,Permittivity,-,Samp,3,6,209,90-120,1,2,Dash,Low
"CS650(70,5)",70,Period,uSec,Samp,3,6,209,90-120,1,2,Dash,Low
"CS650(70,6)",70,VoltageRatio,-,Samp,3,6,209,90-120,1,2,Dash,Low
"CS650(71,1)",71,VolumetricWaterContent,mm3/mm3,Samp,3,7,209,120-150,1,2,Dash,Low
"CS650(71,2)",71,ElectricalConductivity,dS/m,Samp,3,7,209,120-150,1,2,Dash,Low
"CS650(71,3)",71,Temperature,oC,Samp,3,7,209,120-150,1,2,Dash,Low
"CS650(71,4)",71,Permittivity,-,Samp,3,7,209,120-150,1,2,Dash,Low
"CS650(71,5)",71,Period,uSec,Samp,3,7,209,120-150,1,2,Dash,Low
"CS650(71,6)",71,VoltageRatio,-,Samp,3,7,209,120-150,1,2,Dash,Low
"CS650(72,1)",72,VolumetricWaterContent,mm3/mm3,Samp,3,8,209,150-180,1,2,Dash,Low
"CS650(72,2)",72,ElectricalConductivity,dS/m,Samp,3,8,209,150-180,1,2,Dash,Low
"CS650(72,3)",72,Temperature,oC,Samp,3,8,209,150-180,1,2,Dash,Low
"CS650(72,4)",72,Permittivity,-,Samp,3,8,209,150-180,1,2,Dash,Low
"CS650(72,5)",72,Period,uSec,Samp,3,8,209,150-180,1,2,Dash,Low
"CS650(72,6)",72,VoltageRatio,-,Samp,3,8,209,150-180,1,2,Dash,Low
"CS650(73,1)",73,VolumetricWaterContent,mm3/mm3,Samp,3,9,210,0-15(InRow),4,2,Omaka,Low
"CS650(73,2)",73,ElectricalConductivity,dS/m,Samp,3,9,210,0-15(InRow),4,2,Omaka,Low
"CS650(73,3)",73,Temperature,oC,Samp,3,9,210,0-15(InRow),4,2,Omaka,Low
"CS650(73,4)",73,Permittivity,-,Samp,3,9,210,0-15(InRow),4,2,Omaka,Low
"CS650(73,5)",73,Period,uSec,Samp,3,9,210,0-15(InRow),4,2,Omaka,Low
"CS650(73,6)",73,VoltageRatio,-,Samp,3,9,210,0-15(InRow),4,2,Omaka,Low
"CS650(74,1)",74,VolumetricWaterContent,mm3/mm3,Samp,3,10,210,0-15(btwRow),4,2,Omaka,Low
"CS650(74,2)",74,ElectricalConductivity,dS/m,Samp,3,10,210,0-15(btwRow),4,2,Omaka,Low
"CS650(74,3)",74,Temperature,oC,Samp,3,10,210,0-15(btwRow),4,2,Omaka,Low
"CS650(74,4)",74,Permittivity,-,Samp,3,10,210,0-15(btwRow),4,2,Omaka,Low
"CS650(74,5)",74,Period,uSec,Samp,3,10,210,0-15(btwRow),4,2,Omaka,Low
"CS650(74,6)",74,VoltageRatio,-,Samp,3,10,210,0-15(btwRow),4,2,Omaka,Low
"CS650(75,1)",75,VolumetricWaterContent,mm3/mm3,Samp,3,11,210,15-30,4,2,Omaka,Low
"CS650(75,2)",75,ElectricalConductivity,dS/m,Samp,3,11,210,15-30,4,2,Omaka,Low
"CS650(75,3)",75,Temperature,oC,Samp,3,11,210,15-30,4,2,Omaka,Low
"CS650(75,4)",75,Permittivity,-,Samp,3,11,210,15-30,4,2,Omaka,Low
"CS650(75,5)",75,Period,uSec,Samp,3,11,210,15-30,4,2,Omaka,Low
"CS650(75,6)",75,VoltageRatio,-,Samp,3,11,210,15-30,4,2,Omaka,Low
"CS650(76,1)",76,VolumetricWaterContent,mm3/mm3,Samp,3,12,210,30-60,4,2,Omaka,Low
"CS650(76,2)",76,ElectricalConductivity,dS/m,Samp,3,12,210,30-60,4,2,Omaka,Low
"CS650(76,3)",76,Temperature,oC,Samp,3,12,210,30-60,4,2,Omaka,Low
"CS650(76,4)",76,Permittivity,-,Samp,3,12,210,30-60,4,2,Omaka,Low
"CS650(76,5)",76,Period,uSec,Samp,3,12,210,30-60,4,2,Omaka,Low
"CS650(76,6)",76,VoltageRatio,-,Samp,3,12,210,30-60,4,2,Omaka,Low
"CS650(77,1)",77,VolumetricWaterContent,mm3/mm3,Samp,3,13,210,60-90,4,2,Omaka,Low
"CS650(77,2)",77,ElectricalConductivity,dS/m,Samp,3,13,210,60-90,4,2,Omaka,Low
"CS650(77,3)",77,Temperature,oC,Samp,3,13,210,60-90,4,2,Omaka,Low
"CS650(77,4)",77,Permittivity,-,Samp,3,13,210,60-90,4,2,Omaka,Low
"CS650(77,5)",77,Period,uSec,Samp,3,13,210,60-90,4,2,Omaka,Low
"CS650(77,6)",77,VoltageRatio,-,Samp,3,13,210,60-90,4,2,Omaka,Low
"CS650(78,1)",78,VolumetricWaterContent,mm3/mm3,Samp,3,14,210,90-120,4,2,Omaka,Low
"CS650(78,2)",78,ElectricalConductivity,dS/m,Samp,3,14,210,90-120,4,2,Omaka,Low
"CS650(78,3)",78,Temperature,oC,Samp,3,14,210,90-120,4,2,Omaka,Low
"CS650(78,4)",78,Permittivity,-,Samp,3,14,210,90-120,4,2,Omaka,Low
"CS650(78,5)",78,Period,uSec,Samp,3,14,210,90-120,4,2,Omaka,Low
"CS650(78,6)",78,VoltageRatio,-,Samp,3,14,210,90-120,4,2,Omaka,Low
"CS650(79,1)",79,VolumetricWaterContent,mm3/mm3,Samp,3,15,210,120-150,4,2,Omaka,Low
"CS650(79,2)",79,ElectricalConductivity,dS/m,Samp,3,15,210,120-150,4,2,Omaka,Low
"CS650(79,3)",79,Temperature,oC,Samp,3,15,210,120-150,4,2,Omaka,Low
"CS650(79,4)",79,Permittivity,-,Samp,3,15,210,120-150,4,2,Omaka,Low
"CS650(79,5)",79,Period,uSec,Samp,3,15,210,120-150,4,2,Omaka,Low
"CS650(79,6)",79,VoltageRatio,-,Samp,3,15,210,120-150,4,2,Omaka,Low
"CS650(80,1)",80,VolumetricWaterContent,mm3/mm3,Samp,3,16,210,150-180,4,2,Omaka,Low
"CS650(80,2)",80,ElectricalConductivity,dS/m,Samp,3,16,210,150-180,4,2,Omaka,Low
"CS650(80,3)",80,Temperature,oC,Samp,3,16,210,150-180,4,2,Omaka,Low
"CS650(80,4)",80,Permittivity,-,Samp,3,16,210,150-180,4,2,Omaka,Low
"CS650(80,5)",80,Period,uSec,Samp,3,16,210,150-180,4,2,Omaka,Low
"CS650(80,6)",80,VoltageRatio,-,Samp,3,16,210,150-180,4,2,Omaka,Low
"CS650(81,1)",81,VolumetricWaterContent,mm3/mm3,Samp,3,17,211,0-15(InRow),3,2,Dash,High
"CS650(81,2)",81,ElectricalConductivity,dS/m,Samp,3,17,211,0-15(InRow),3,2,Dash,High
"CS650(81,3)",81,Temperature,oC,Samp,3,17,211,0-15(InRow),3,2,Dash,High
"CS650(81,4)",81,Permittivity,-,Samp,3,17,211,0-15(InRow),3,2,Dash,High
"CS650(81,5)",81,Period,uSec,Samp,3,17,211,0-15(InRow),3,2,Dash,High
"CS650(81,6)",81,VoltageRatio,-,Samp,3,17,211,0-15(InRow),3,2,Dash,High
"CS650(82,1)",82,VolumetricWaterContent,mm3/mm3,Samp,3,18,211,0-15(btwRow),3,2,Dash,High
"CS650(82,2)",82,ElectricalConductivity,dS/m,Samp,3,18,211,0-15(btwRow),3,2,Dash,High
"CS650(82,3)",82,Temperature,oC,Samp,3,18,211,0-15(btwRow),3,2,Dash,High
"CS650(82,4)",82,Permittivity,-,Samp,3,18,211,0-15(btwRow),3,2,Dash,High
"CS650(82,5)",82,Period,uSec,Samp,3,18,211,0-15(btwRow),3,2,Dash,High
"CS650(82,6)",82,VoltageRatio,-,Samp,3,18,211,0-15(btwRow),3,2,Dash,High
"CS650(83,1)",83,VolumetricWaterContent,mm3/mm3,Samp,3,19,211,15-30,3,2,Dash,High
"CS650(83,2)",83,ElectricalConductivity,dS/m,Samp,3,19,211,15-30,3,2,Dash,High
"CS650(83,3)",83,Temperature,oC,Samp,3,19,211,15-30,3,2,Dash,High
"CS650(83,4)",83,Permittivity,-,Samp,3,19,211,15-30,3,2,Dash,High
"CS650(83,5)",83,Period,uSec,Samp,3,19,211,15-30,3,2,Dash,High
"CS650(83,6)",83,VoltageRatio,-,Samp,3,19,211,15-30,3,2,Dash,High
"CS650(84,1)",84,VolumetricWaterContent,mm3/mm3,Samp,3,20,211,30-60,3,2,Dash,High
"CS650(84,2)",84,ElectricalConductivity,dS/m,Samp,3,20,211,30-60,3,2,Dash,High
"CS650(84,3)",84,Temperature,oC,Samp,3,20,211,30-60,3,2,Dash,High
"CS650(84,4)",84,Permittivity,-,Samp,3,20,211,30-60,3,2,Dash,High
"CS650(84,5)",84,Period,uSec,Samp,3,20,211,30-60,3,2,Dash,High
"CS650(84,6)",84,VoltageRatio,-,Samp,3,20,211,30-60,3,2,Dash,High
"CS650(85,1)",85,VolumetricWaterContent,mm3/mm3,Samp,3,21,211,60-90,3,2,Dash,High
"CS650(85,2)",85,ElectricalConductivity,dS/m,Samp,3,21,211,60-90,3,2,Dash,High
"CS650(85,3)",85,Temperature,oC,Samp,3,21,211,60-90,3,2,Dash,High
"CS650(85,4)",85,Permittivity,-,Samp,3,21,211,60-90,3,2,Dash,High
"CS650(85,5)",85,Period,uSec,Samp,3,21,211,60-90,3,2,Dash,High
"CS650(85,6)",85,VoltageRatio,-,Samp,3,21,211,60-90,3,2,Dash,High
"CS650(86,1)",86,VolumetricWaterContent,mm3/mm3,Samp,3,22,211,90-120,3,2,Dash,High
"CS650(86,2)",86,ElectricalConductivity,dS/m,Samp,3,22,211,90-120,3,2,Dash,High
"CS650(86,3)",86,Temperature,oC,Samp,3,22,211,90-120,3,2,Dash,High
"CS650(86,4)",86,Permittivity,-,Samp,3,22,211,90-120,3,2,Dash,High
"CS650(86,5)",86,Period,uSec,Samp,3,22,211,90-120,3,2,Dash,High
"CS650(86,6)",86,VoltageRatio,-,Samp,3,22,211,90-120,3,2,Dash,High
"CS650(87,1)",87,VolumetricWaterContent,mm3/mm3,Samp,3,23,211,120-150,3,2,Dash,High
"CS650(87,2)",87,ElectricalConductivity,dS/m,Samp,3,23,211,120-150,3,2,Dash,High
"CS650(87,3)",87,Temperature,oC,Samp,3,23,211,120-150,3,2,Dash,High
"CS650(87,4)",87,Permittivity,-,Samp,3,23,211,120-150,3,2,Dash,High
"CS650(87,5)",87,Period,uSec,Samp,3,23,211,120-150,3,2,Dash,High
"CS650(87,6)",87,VoltageRatio,-,Samp,3,23,211,120-150,3,2,Dash,High
"CS650(88,1)",88,VolumetricWaterContent,mm3/mm3,Samp,3,24,211,150-180,3,2,Dash,High
"CS650(88,2)",88,ElectricalConductivity,dS/m,Samp,3,24,211,150-180,3,2,Dash,High
"CS650(88,3)",88,Temperature,oC,Samp,3,24,211,150-180,3,2,Dash,High
"CS650(88,4)",88,Permittivity,-,Samp,3,24,211,150-180,3,2,Dash,High
"CS650(88,5)",88,Period,uSec,Samp,3,24,211,150-180,3,2,Dash,High
"CS650(88,6)",88,VoltageRatio,-,Samp,3,24,211,150-180,3,2,Dash,High
"CS650(89,1)",89,VolumetricWaterContent,mm3/mm3,Samp,3,25,212,0-15(InRow),5,2,Omaka,Mid
"CS650(89,2)",89,ElectricalConductivity,dS/m,Samp,3,25,212,0-15(InRow),5,2,Omaka,Mid
"CS650(89,3)",89,Temperature,oC,Samp,3,25,212,0-15(InRow),5,2,Omaka,Mid
"CS650(89,4)",89,Permittivity,-,Samp,3,25,212,0-15(InRow),5,2,Omaka,Mid
"CS650(89,5)",89,Period,uSec,Samp,3,25,212,0-15(InRow),5,2,Omaka,Mid
"CS650(89,6)",89,VoltageRatio,-,Samp,3,25,212,0-15(InRow),5,2,Omaka,Mid
"CS650(90,1)",90,VolumetricWaterContent,mm3/mm3,Samp,3,26,212,0-15(btwRow),5,2,Omaka,Mid
"CS650(90,2)",90,ElectricalConductivity,dS/m,Samp,3,26,212,0-15(btwRow),5,2,Omaka,Mid
"CS650(90,3)",90,Temperature,oC,Samp,3,26,212,0-15(btwRow),5,2,Omaka,Mid
"CS650(90,4)",90,Permittivity,-,Samp,3,26,212,0-15(btwRow),5,2,Omaka,Mid
"CS650(90,5)",90,Period,uSec,Samp,3,26,212,0-15(btwRow),5,2,Omaka,Mid
"CS650(90,6)",90,VoltageRatio,-,Samp,3,26,212,0-15(btwRow),5,2,Omaka,Mid
"CS650(91,1)",91,VolumetricWaterContent,mm3/mm3,Samp,3,27,212,15-30,5,2,Omaka,Mid
"CS650(91,2)",91,ElectricalConductivity,dS/m,Samp,3,27,212,15-30,5,2,Omaka,Mid
"CS650(91,3)",91,Temperature,oC,Samp,3,27,212,15-30,5,2,Omaka,Mid
"CS650(91,4)",91,Permittivity,-,Samp,3,27,212,15-30,5,2,Omaka,Mid
"CS650(91,5)",91,Period,uSec,Samp,3,27,212,15-30,5,2,Omaka,Mid
"CS650(91,6)",91,VoltageRatio,-,Samp,3,27,212,15-30,5,2,Omaka,Mid
"CS650(92,1)",92,VolumetricWaterContent,mm3/mm3,Samp,3,28,212,30-60,5,2,Omaka,Mid
"CS650(92,2)",92,ElectricalConductivity,dS/m,Samp,3,28,212,30-60,5,2,Omaka,Mid
"CS650(92,3)",92,Temperature,oC,Samp,3,28,212,30-60,5,2,Omaka,Mid
"CS650(92,4)",92,Permittivity,-,Samp,3,28,212,30-60,5,2,Omaka,Mid
"CS650(92,5)",92,Period,uSec,Samp,3,28,212,30-60,5,2,Omaka,Mid
"CS650(92,6)",92,VoltageRatio,-,Samp,3,28,212,30-60,5,2,Omaka,Mid
"CS650(93,1)",93,VolumetricWaterContent,mm3/mm3,Samp,3,29,212,60-90,5,2,Omaka,Mid
"CS650(93,2)",93,ElectricalConductivity,dS/m,Samp,3,29,212,60-90,5,2,Omaka,Mid
"CS650(93,3)",93,Temperature,oC,Samp,3,29,212,60-90,5,2,Omaka,Mid
"CS650(93,4)",93,Permittivity,-,Samp,3,29,212,60-90,5,2,Omaka,Mid
"CS650(93,5)",93,Period,uSec,Samp,3,29,212,60-90,5,2,Omaka,Mid
"CS650(93,6)",93,VoltageRatio,-,Samp,3,29,212,60-90,5,2,Omaka,Mid
"CS650(94,1)",94,VolumetricWaterContent,mm3/mm3,Samp,3,30,212,90-120,5,2,Omaka,Mid
"CS650(94,2)",94,ElectricalConductivity,dS/m,Samp,3,30,212,90-120,5,2,Omaka,Mid
"CS650(94,3)",94,Temperature,oC,Samp,3,30,212,90-120,5,2,Omaka,Mid
"CS650(94,4)",94,Permittivity,-,Samp,3,30,212,90-120,5,2,Omaka,Mid
"CS650(94,5)",94,Period,uSec,Samp,3,30,212,90-120,5,2,Omaka,Mid
"CS650(94,6)",94,VoltageRatio,-,Samp,3,30,212,90-120,5,2,Omaka,Mid
"CS650(95,1)",95,VolumetricWaterContent,mm3/mm3,Samp,3,31,212,120-150,5,2,Omaka,Mid
"CS650(95,2)",95,ElectricalConductivity,dS/m,Samp,3,31,212,120-150,5,2,Omaka,Mid
"CS650(95,3)",95,Temperature,oC,Samp,3,31,212,120-150,5,2,Omaka,Mid
"CS650(95,4)",95,Permittivity,-,Samp,3,31,212,120-150,5,2,Omaka,Mid
"CS650(95,5)",95,Period,uSec,Samp,3,31,212,120-150,5,2,Omaka,Mid
"CS650(95,6)",95,VoltageRatio,-,Samp,3,31,212,120-150,5,2,Omaka,Mid
"CS650(96,1)",96,VolumetricWaterContent,mm3/mm3,Samp,3,32,212,150-180,5,2,Omaka,Mid
"CS650(96,2)",96,ElectricalConductivity,dS/m,Samp,3,32,212,150-180,5,2,Omaka,Mid
"CS650(96,3)",96,Temperature,oC,Samp,3,32,212,150-180,5,2,Omaka,Mid
"CS650(96,4)",96,Permittivity,-,Samp,3,32,212,150-180,5,2,Omaka,Mid
"CS650(96,5)",96,Period,uSec,Samp,3,32,212,150-180,5,2,Omaka,Mid
"CS650(96,6)",96,VoltageRatio,-,Samp,3,32,212,150-180,5,2,Omaka,Mid
"CS650(97,1)",97,VolumetricWaterContent,mm3/mm3,Samp,4,1,213,0-15(InRow),6,3,Omaka,High
"CS650(97,2)",97,ElectricalConductivity,dS/m,Samp,4,1,213,0-15(InRow),6,3,Omaka,High
"CS650(97,3)",97,Temperature,oC,Samp,4,1,213,0-15(InRow),6,3,Omaka,High
"CS650(97,4)",97,Permittivity,-,Samp,4,1,213,0-15(InRow),6,3,Omaka,High
"CS650(97,5)",97,Period,uSec,Samp,4,1,213,0-15(InRow),6,3,Omaka,High
"CS650(97,6)",97,VoltageRatio,-,Samp,4,1,213,0-15(InRow),6,3,Omaka,High
"CS650(98,1)",98,VolumetricWaterContent,mm3/mm3,Samp,4,2,213,0-15(btwRow),6,3,Omaka,High
"CS650(98,2)",98,ElectricalConductivity,dS/m,Samp,4,2,213,0-15(btwRow),6,3,Omaka,High
"CS650(98,3)",98,Temperature,oC,Samp,4,2,213,0-15(btwRow),6,3,Omaka,High
"CS650(98,4)",98,Permittivity,-,Samp,4,2,213,0-15(btwRow),6,3,Omaka,High
"CS650(98,5)",98,Period,uSec,Samp,4,2,213,0-15(btwRow),6,3,Omaka,High
"CS650(98,6)",98,VoltageRatio,-,Samp,4,2,213,0-15(btwRow),6,3,Omaka,High
"CS650(99,1)",99,VolumetricWaterContent,mm3/mm3,Samp,4,3,213,15-30,6,3,Omaka,High
"CS650(99,2)",99,ElectricalConductivity,dS/m,Samp,4,3,213,15-30,6,3,Omaka,High
"CS650(99,3)",99,Temperature,oC,Samp,4,3,213,15-30,6,3,Omaka,High
"CS650(99,4)",99,Permittivity,-,Samp,4,3,213,15-30,6,3,Omaka,High
"CS650(99,5)",99,Period,uSec,Samp,4,3,213,15-30,6,3,Omaka,High
"CS650(99,6)",99,VoltageRatio,-,Samp,4,3,213,15-30,6,3,Omaka,High
"CS650(100,1)",100,VolumetricWaterContent,mm3/mm3,Samp,4,4,213,30-60,6,3,Omaka,High
"CS650(100,2)",100,ElectricalConductivity,dS/m,Samp,4,4,213,30-60,6,3,Omaka,High
"CS650(100,3)",100,Temperature,oC,Samp,4,4,213,30-60,6,3,Omaka,High
"CS650(100,4)",100,Permittivity,-,Samp,4,4,213,30-60,6,3,Omaka,High
"CS650(100,5)",100,Period,uSec,Samp,4,4,213,30-60,6,3,Omaka,High
"CS650(100,6)",100,VoltageRatio,-,Samp,4,4,213,30-60,6,3,Omaka,High
"CS650(101,1)",101,VolumetricWaterContent,mm3/mm3,Samp,4,5,213,60-90,6,3,Omaka,High
"CS650(101,2)",101,ElectricalConductivity,dS/m,Samp,4,5,213,60-90,6,3,Omaka,High
"CS650(101,3)",101,Temperature,oC,Samp,4,5,213,60-90,6,3,Omaka,High
"CS650(101,4)",101,Permittivity,-,Samp,4,5,213,60-90,6,3,Omaka,High
"CS650(101,5)",101,Period,uSec,Samp,4,5,213,60-90,6,3,Omaka,High
"CS650(101,6)",101,VoltageRatio,-,Samp,4,5,213,60-90,6,3,Omaka,High
"CS650(102,1)",102,VolumetricWaterContent,mm3/mm3,Samp,4,6,213,90-120,6,3,Omaka,High
"CS650(102,2)",102,ElectricalConductivity,dS/m,Samp,4,6,213,90-120,6,3,Omaka,High
"CS650(102,3)",102,Temperature,oC,Samp,4,6,213,90-120,6,3,Omaka,High
"CS650(102,4)",102,Permittivity,-,Samp,4,6,213,90-120,6,3,Omaka,High
"CS650(102,5)",102,Period,uSec,Samp,4,6,213,90-120,6,3,Omaka,High
"CS650(102,6)",102,VoltageRatio,-,Samp,4,6,213,90-120,6,3,Omaka,High
"CS650(103,1)",103,VolumetricWaterContent,mm3/mm3,Samp,4,7,213,120-150,6,3,Omaka,High
"CS650(103,2)",103,ElectricalConductivity,dS/m,Samp,4,7,213,120-150,6,3,Omaka,High
"CS650(103,3)",103,Temperature,oC,Samp,4,7,213,120-150,6,3,Omaka,High
"CS650(103,4)",103,Permittivity,-,Samp,4,7,213,120-150,6,3,Omaka,High
"CS650(103,5)",103,Period,uSec,Samp,4,7,213,120-150,6,3,Omaka,High
"CS650(103,6)",103,VoltageRatio,-,Samp,4,7,213,120-150,6,3,Omaka,High
"CS650(104,1)",104,VolumetricWaterContent,mm3/mm3,Samp,4,8,213,150-180,6,3,Omaka,High
"CS650(104,2)",104,ElectricalConductivity,dS/m,Samp,4,8,213,150-180,6,3,Omaka,High
"CS650(104,3)",104,Temperature,oC,Samp,4,8,213,150-180,6,3,Omaka,High
"CS650(104,4)",104,Permittivity,-,Samp,4,8,213,150-180,6,3,Omaka,High
"CS650(104,5)",104,Period,uSec,Samp,4,8,213,150-180,6,3,Omaka,High
"CS650(104,6)",104,VoltageRatio,-,Samp,4,8,213,150-180,6,3,Omaka,High
"CS650(105,1)",105,VolumetricWaterContent,mm3/mm3,Samp,4,9,214,0-15(InRow),5,3,Omaka,Mid
"CS650(105,2)",105,ElectricalConductivity,dS/m,Samp,4,9,214,0-15(InRow),5,3,Omaka,Mid
"CS650(105,3)",105,Temperature,oC,Samp,4,9,214,0-15(InRow),5,3,Omaka,Mid
"CS650(105,4)",105,Permittivity,-,Samp,4,9,214,0-15(InRow),5,3,Omaka,Mid
"CS650(105,5)",105,Period,uSec,Samp,4,9,214,0-15(InRow),5,3,Omaka,Mid
"CS650(105,6)",105,VoltageRatio,-,Samp,4,9,214,0-15(InRow),5,3,Omaka,Mid
"CS650(106,1)",106,VolumetricWaterContent,mm3/mm3,Samp,4,10,214,0-15(btwRow),5,3,Omaka,Mid
"CS650(106,2)",106,ElectricalConductivity,dS/m,Samp,4,10,214,0-15(btwRow),5,3,Omaka,Mid
"CS650(106,3)",106,Temperature,oC,Samp,4,10,214,0-15(btwRow),5,3,Omaka,Mid
"CS650(106,4)",106,Permittivity,-,Samp,4,10,214,0-15(btwRow),5,3,Omaka,Mid
"CS650(106,5)",106,Period,uSec,Samp,4,10,214,0-15(btwRow),5,3,Omaka,Mid
"CS650(106,6)",106,VoltageRatio,-,Samp,4,10,214,0-15(btwRow),5,3,Omaka,Mid
"CS650(107,1)",107,VolumetricWaterContent,mm3/mm3,Samp,4,11,214,15-30,5,3,Omaka,Mid
"CS650(107,2)",107,ElectricalConductivity,dS/m,Samp,4,11,214,15-30,5,3,Omaka,Mid
"CS650(107,3)",107,Temperature,oC,Samp,4,11,214,15-30,5,3,Omaka,Mid
"CS650(107,4)",107,Permittivity,-,Samp,4,11,214,15-30,5,3,Omaka,Mid
"CS650(107,5)",107,Period,uSec,Samp,4,11,214,15-30,5,3,Omaka,Mid
"CS650(107,6)",107,VoltageRatio,-,Samp,4,11,214,15-30,5,3,Omaka,Mid
"CS650(108,1)",108,VolumetricWaterContent,mm3/mm3,Samp,4,12,214,30-60,5,3,Omaka,Mid
"CS650(108,2)",108,ElectricalConductivity,dS/m,Samp,4,12,214,30-60,5,3,Omaka,Mid
"CS650(108,3)",108,Temperature,oC,Samp,4,12,214,30-60,5,3,Omaka,Mid
"CS650(108,4)",108,Permittivity,-,Samp,4,12,214,30-60,5,3,Omaka,Mid
"CS650(108,5)",108,Period,uSec,Samp,4,12,214,30-60,5,3,Omaka,Mid
"CS650(108,6)",108,VoltageRatio,-,Samp,4,12,214,30-60,5,3,Omaka,Mid
"CS650(109,1)",109,VolumetricWaterContent,mm3/mm3,Samp,4,13,214,60-90,5,3,Omaka,Mid
"CS650(109,2)",109,ElectricalConductivity,dS/m,Samp,4,13,214,60-90,5,3,Omaka,Mid
"CS650(109,3)",109,Temperature,oC,Samp,4,13,214,60-90,5,3,Omaka,Mid
"CS650(109,4)",109,Permittivity,-,Samp,4,13,214,60-90,5,3,Omaka,Mid
"CS650(109,5)",109,Period,uSec,Samp,4,13,214,60-90,5,3,Omaka,Mid
"CS650(109,6)",109,VoltageRatio,-,Samp,4,13,214,60-90,5,3,Omaka,Mid
"CS650(110,1)",110,VolumetricWaterContent,mm3/mm3,Samp,4,14,214,90-120,5,3,Omaka,Mid
"CS650(110,2)",110,ElectricalConductivity,dS/m,Samp,4,14,214,90-120,5,3,Omaka,Mid
"CS650(110,3)",110,Temperature,oC,Samp,4,14,214,90-120,5,3,Omaka,Mid
"CS650(110,4)",110,Permittivity,-,Samp,4,14,214,90-120,5,3,Omaka,Mid
"CS650(110,5)",110,Period,uSec,Samp,4,14,214,90-120,5,3,Omaka,Mid
"CS650(110,6)",110,VoltageRatio,-,Samp,4,14,214,90-120,5,3,Omaka,Mid
"CS650(111,1)",111,VolumetricWaterContent,mm3/mm3,Samp,4,15,214,120-150,5,3,Omaka,Mid
"CS650(111,2)",111,ElectricalConductivity,dS/m,Samp,4,15,214,120-150,5,3,Omaka,Mid
"CS650(111,3)",111,Temperature,oC,Samp,4,15,214,120-150,5,3,Omaka,Mid
"CS650(111,4)",111,Permittivity,-,Samp,4,15,214,120-150,5,3,Omaka,Mid
"CS650(111,5)",111,Period,uSec,Samp,4,15,214,120-150,5,3,Omaka,Mid
"CS650(111,6)",111,VoltageRatio,-,Samp,4,15,214,120-150,5,3,Omaka,Mid
"CS650(112,1)",112,VolumetricWaterContent,mm3/mm3,Samp,4,16,214,150-180,5,3,Omaka,Mid
"CS650(112,2)",112,ElectricalConductivity,dS/m,Samp,4,16,214,150-180,5,3,Omaka,Mid
"CS650(112,3)",112,Temperature,oC,Samp,4,16,214,150-180,5,3,Omaka,Mid
"CS650(112,4)",112,Permittivity,-,Samp,4,16,214,150-180,5,3,Omaka,Mid
"CS650(112,5)",112,Period,uSec,Samp,4,16,214,150-180,5,3,Omaka,Mid
"CS650(112,6)",112,VoltageRatio,-,Samp,4,16,214,150-180,5,3,Omaka,Mid
"CS650(113,1)",113,VolumetricWaterContent,mm3/mm3,Samp,4,17,215,0-15(InRow),3,3,Dash,High
"CS650(113,2)",113,ElectricalConductivity,dS/m,Samp,4,17,215,0-15(InRow),3,3,Dash,High
"CS650(113,3)",113,Temperature,oC,Samp,4,17,215,0-15(InRow),3,3,Dash,High
"CS650(113,4)",113,Permittivity,-,Samp,4,17,215,0-15(InRow),3,3,Dash,High
"CS650(113,5)",113,Period,uSec,Samp,4,17,215,0-15(InRow),3,3,Dash,High
"CS650(113,6)",113,VoltageRatio,-,Samp,4,17,215,0-15(InRow),3,3,Dash,High
"CS650(114,1)",114,VolumetricWaterContent,mm3/mm3,Samp,4,18,215,0-15(btwRow),3,3,Dash,High
"CS650(114,2)",114,ElectricalConductivity,dS/m,Samp,4,18,215,0-15(btwRow),3,3,Dash,High
"CS650(114,3)",114,Temperature,oC,Samp,4,18,215,0-15(btwRow),3,3,Dash,High
"CS650(114,4)",114,Permittivity,-,Samp,4,18,215,0-15(btwRow),3,3,Dash,High
"CS650(114,5)",114,Period,uSec,Samp,4,18,215,0-15(btwRow),3,3,Dash,High
"CS650(114,6)",114,VoltageRatio,-,Samp,4,18,215,0-15(btwRow),3,3,Dash,High
"CS650(115,1)",115,VolumetricWaterContent,mm3/mm3,Samp,4,19,215,15-30,3,3,Dash,High
"CS650(115,2)",115,ElectricalConductivity,dS/m,Samp,4,19,215,15-30,3,3,Dash,High
"CS650(115,3)",115,Temperature,oC,Samp,4,19,215,15-30,3,3,Dash,High
"CS650(115,4)",115,Permittivity,-,Samp,4,19,215,15-30,3,3,Dash,High
"CS650(115,5)",115,Period,uSec,Samp,4,19,215,15-30,3,3,Dash,High
"CS650(115,6)",115,VoltageRatio,-,Samp,4,19,215,15-30,3,3,Dash,High
"CS650(116,1)",116,VolumetricWaterContent,mm3/mm3,Samp,4,20,215,30-60,3,3,Dash,High
"CS650(116,2)",116,ElectricalConductivity,dS/m,Samp,4,20,215,30-60,3,3,Dash,High
"CS650(116,3)",116,Temperature,oC,Samp,4,20,215,30-60,3,3,Dash,High
"CS650(116,4)",116,Permittivity,-,Samp,4,20,215,30-60,3,3,Dash,High
"CS650(116,5)",116,Period,uSec,Samp,4,20,215,30-60,3,3,Dash,High
"CS650(116,6)",116,VoltageRatio,-,Samp,4,20,215,30-60,3,3,Dash,High
"CS650(117,1)",117,VolumetricWaterContent,mm3/mm3,Samp,4,21,215,60-90,3,3,Dash,High
"CS650(117,2)",117,ElectricalConductivity,dS/m,Samp,4,21,215,60-90,3,3,Dash,High
"CS650(117,3)",117,Temperature,oC,Samp,4,21,215,60-90,3,3,Dash,High
"CS650(117,4)",117,Permittivity,-,Samp,4,21,215,60-90,3,3,Dash,High
"CS650(117,5)",117,Period,uSec,Samp,4,21,215,60-90,3,3,Dash,High
"CS650(117,6)",117,VoltageRatio,-,Samp,4,21,215,60-90,3,3,Dash,High
"CS650(118,1)",118,VolumetricWaterContent,mm3/mm3,Samp,4,22,215,90-120,3,3,Dash,High
"CS650(118,2)",118,ElectricalConductivity,dS/m,Samp,4,22,215,90-120,3,3,Dash,High
"CS650(118,3)",118,Temperature,oC,Samp,4,22,215,90-120,3,3,Dash,High
"CS650(118,4)",118,Permittivity,-,Samp,4,22,215,90-120,3,3,Dash,High
"CS650(118,5)",118,Period,uSec,Samp,4,22,215,90-120,3,3,Dash,High
"CS650(118,6)",118,VoltageRatio,-,Samp,4,22,215,90-120,3,3,Dash,High
"CS650(119,1)",119,VolumetricWaterContent,mm3/mm3,Samp,4,23,215,120-150,3,3,Dash,High
"CS650(119,2)",119,ElectricalConductivity,dS/m,Samp,4,23,215,120-150,3,3,Dash,High
"CS650(119,3)",119,Temperature,oC,Samp,4,23,215,120-150,3,3,Dash,High
"CS650(119,4)",119,Permittivity,-,Samp,4,23,215,120-150,3,3,Dash,High
"CS650(119,5)",119,Period,uSec,Samp,4,23,215,120-150,3,3,Dash,High
"CS650(119,6)",119,VoltageRatio,-,Samp,4,23,215,120-150,3,3,Dash,High
"CS650(120,1)",120,VolumetricWaterContent,mm3/mm3,Samp,4,24,215,150-180,3,3,Dash,High
"CS650(120,2)",120,ElectricalConductivity,dS/m,Samp,4,24,215,150-180,3,3,Dash,High
"CS650(120,3)",120,Temperature,oC,Samp,4,24,215,150-180,3,3,Dash,High
"CS650(120,4)",120,Permittivity,-,Samp,4,24,215,150-180,3,3,Dash,High
"CS650(120,5)",120,Period,uSec,Samp,4,24,215,150-180,3,3,Dash,High
"CS650(120,6)",120,VoltageRatio,-,Samp,4,24,215,150-180,3,3,Dash,High
"CS650(121,1)",121,VolumetricWaterContent,mm3/mm3,Samp,4,25,216,0-15(InRow),4,3,Omaka,Low
"CS650(121,2)",121,ElectricalConductivity,dS/m,Samp,4,25,216,0-15(InRow),4,3,Omaka,Low
"CS650(121,3)",121,Temperature,oC,Samp,4,25,216,0-15(InRow),4,3,Omaka,Low
"CS650(121,4)",121,Permittivity,-,Samp,4,25,216,0-15(InRow),4,3,Omaka,Low
"CS650(121,5)",121,Period,uSec,Samp,4,25,216,0-15(InRow),4,3,Omaka,Low
"CS650(121,6)",121,VoltageRatio,-,Samp,4,25,216,0-15(InRow),4,3,Omaka,Low
"CS650(122,1)",122,VolumetricWaterContent,mm3/mm3,Samp,4,26,216,0-15(btwRow),4,3,Omaka,Low
"CS650(122,2)",122,ElectricalConductivity,dS/m,Samp,4,26,216,0-15(btwRow),4,3,Omaka,Low
"CS650(122,3)",122,Temperature,oC,Samp,4,26,216,0-15(btwRow),4,3,Omaka,Low
"CS650(122,4)",122,Permittivity,-,Samp,4,26,216,0-15(btwRow),4,3,Omaka,Low
"CS650(122,5)",122,Period,uSec,Samp,4,26,216,0-15(btwRow),4,3,Omaka,Low
"CS650(122,6)",122,VoltageRatio,-,Samp,4,26,216,0-15(btwRow),4,3,Omaka,Low
"CS650(123,1)",123,VolumetricWaterContent,mm3/mm3,Samp,4,27,216,15-30,4,3,Omaka,Low
"CS650(123,2)",123,ElectricalConductivity,dS/m,Samp,4,27,216,15-30,4,3,Omaka,Low
"CS650(123,3)",123,Temperature,oC,Samp,4,27,216,15-30,4,3,Omaka,Low
"CS650(123,4)",123,Permittivity,-,Samp,4,27,216,15-30,4,3,Omaka,Low
"CS650(123,5)",123,Period,uSec,Samp,4,27,216,15-30,4,3,Omaka,Low
"CS650(123,6)",123,VoltageRatio,-,Samp,4,27,216,15-30,4,3,Omaka,Low
"CS650(124,1)",124,VolumetricWaterContent,mm3/mm3,Samp,4,28,216,30-60,4,3,Omaka,Low
"CS650(124,2)",124,ElectricalConductivity,dS/m,Samp,4,28,216,30-60,4,3,Omaka,Low
"CS650(124,3)",124,Temperature,oC,Samp,4,28,216,30-60,4,3,Omaka,Low
"CS650(124,4)",124,Permittivity,-,Samp,4,28,216,30-60,4,3,Omaka,Low
"CS650(124,5)",124,Period,uSec,Samp,4,28,216,30-60,4,3,Omaka,Low
"CS650(124,6)",124,VoltageRatio,-,Samp,4,28,216,30-60,4,3,Omaka,Low
"CS650(125,1)",125,VolumetricWaterContent,mm3/mm3,Samp,4,29,216,60-90,4,3,Omaka,Low
"CS650(125,2)",125,ElectricalConductivity,dS/m,Samp,4,29,216,60-90,4,3,Omaka,Low
"CS650(125,3)",125,Temperature,oC,Samp,4,29,216,60-90,4,3,Omaka,Low
"CS650(125,4)",125,Permittivity,-,Samp,4,29,216,60-90,4,3,Omaka,Low
"CS650(125,5)",125,Period,uSec,Samp,4,29,216,60-90,4,3,Omaka,Low
"CS650(125,6)",125,VoltageRatio,-,Samp,4,29,216,60-90,4,3,Omaka,Low
"CS650(126,1)",126,VolumetricWaterContent,mm3/mm3,Samp,4,30,216,90-120,4,3,Omaka,Low
"CS650(126,2)",126,ElectricalConductivity,dS/m,Samp,4,30,216,90-120,4,3,Omaka,Low
"CS650(126,3)",126,Temperature,oC,Samp,4,30,216,90-120,4,3,Omaka,Low
"CS650(126,4)",126,Permittivity,-,Samp,4,30,216,90-120,4,3,Omaka,Low
"CS650(126,5)",126,Period,uSec,Samp,4,30,216,90-120,4,3,Omaka,Low
"CS650(126,6)",126,VoltageRatio,-,Samp,4,30,216,90-120,4,3,Omaka,Low
"CS650(127,1)",127,VolumetricWaterContent,mm3/mm3,Samp,4,31,216,120-150,4,3,Omaka,Low
"CS650(127,2)",127,ElectricalConductivity,dS/m,Samp,4,31,216,120-150,4,3,Omaka,Low
"CS650(127,3)",127,Temperature,oC,Samp,4,31,216,120-150,4,3,Omaka,Low
"CS650(127,4)",127,Permittivity,-,Samp,4,31,216,120-150,4,3,Omaka,Low
"CS650(127,5)",127,Period,uSec,Samp,4,31,216,120-150,4,3,Omaka,Low
"CS650(127,6)",127,VoltageRatio,-,Samp,4,31,216,120-150,4,3,Omaka,Low
"CS650(128,1)",128,VolumetricWaterContent,mm3/mm3,Samp,4,32,216,150-180,4,3,Omaka,Low
"CS650(128,2)",128,ElectricalConductivity,dS/m,Samp,4,32,216,150-180,4,3,Omaka,Low
"CS650(128,3)",128,Temperature,oC,Samp,4,32,216,150-180,4,3,Omaka,Low
"CS650(128,4)",128,Permittivity,-,Samp,4,32,216,150-180,4,3,Omaka,Low
"CS650(128,5)",128,Period,uSec,Samp,4,32,216,150-180,4,3,Omaka,Low
"CS650(128,6)",128,VoltageRatio,-,Samp,4,32,216,150-180,4,3,Omaka,Low
"CS650(129,1)",129,VolumetricWaterContent,mm3/mm3,Samp,5,1,217,0-15(InRow),1,3,Dash,Low
"CS650(129,2)",129,ElectricalConductivity,dS/m,Samp,5,1,217,0-15(InRow),1,3,Dash,Low
"CS650(129,3)",129,Temperature,oC,Samp,5,1,217,0-15(InRow),1,3,Dash,Low
"CS650(129,4)",129,Permittivity,-,Samp,5,1,217,0-15(InRow),1,3,Dash,Low
"CS650(129,5)",129,Period,uSec,Samp,5,1,217,0-15(InRow),1,3,Dash,Low
"CS650(129,6)",129,VoltageRatio,-,Samp,5,1,217,0-15(InRow),1,3,Dash,Low
"CS650(130,1)",130,VolumetricWaterContent,mm3/mm3,Samp,5,2,217,0-15(btwRow),1,3,Dash,Low
"CS650(130,2)",130,ElectricalConductivity,dS/m,Samp,5,2,217,0-15(btwRow),1,3,Dash,Low
"CS650(130,3)",130,Temperature,oC,Samp,5,2,217,0-15(btwRow),1,3,Dash,Low
"CS650(130,4)",130,Permittivity,-,Samp,5,2,217,0-15(btwRow),1,3,Dash,Low
"CS650(130,5)",130,Period,uSec,Samp,5,2,217,0-15(btwRow),1,3,Dash,Low
"CS650(130,6)",130,VoltageRatio,-,Samp,5,2,217,0-15(btwRow),1,3,Dash,Low
"CS650(131,1)",131,VolumetricWaterContent,mm3/mm3,Samp,5,3,217,15-30,1,3,Dash,Low
"CS650(131,2)",131,ElectricalConductivity,dS/m,Samp,5,3,217,15-30,1,3,Dash,Low
"CS650(131,3)",131,Temperature,oC,Samp,5,3,217,15-30,1,3,Dash,Low
"CS650(131,4)",131,Permittivity,-,Samp,5,3,217,15-30,1,3,Dash,Low
"CS650(131,5)",131,Period,uSec,Samp,5,3,217,15-30,1,3,Dash,Low
"CS650(131,6)",131,VoltageRatio,-,Samp,5,3,217,15-30,1,3,Dash,Low
"CS650(132,1)",132,VolumetricWaterContent,mm3/mm3,Samp,5,4,217,30-60,1,3,Dash,Low
"CS650(132,2)",132,ElectricalConductivity,dS/m,Samp,5,4,217,30-60,1,3,Dash,Low
"CS650(132,3)",132,Temperature,oC,Samp,5,4,217,30-60,1,3,Dash,Low
"CS650(132,4)",132,Permittivity,-,Samp,5,4,217,30-60,1,3,Dash,Low
"CS650(132,5)",132,Period,uSec,Samp,5,4,217,30-60,1,3,Dash,Low
"CS650(132,6)",132,VoltageRatio,-,Samp,5,4,217,30-60,1,3,Dash,Low
"CS650(133,1)",133,VolumetricWaterContent,mm3/mm3,Samp,5,5,217,60-90,1,3,Dash,Low
"CS650(133,2)",133,ElectricalConductivity,dS/m,Samp,5,5,217,60-90,1,3,Dash,Low
"CS650(133,3)",133,Temperature,oC,Samp,5,5,217,60-90,1,3,Dash,Low
"CS650(133,4)",133,Permittivity,-,Samp,5,5,217,60-90,1,3,Dash,Low
"CS650(133,5)",133,Period,uSec,Samp,5,5,217,60-90,1,3,Dash,Low
"CS650(133,6)",133,VoltageRatio,-,Samp,5,5,217,60-90,1,3,Dash,Low
"CS650(134,1)",134,VolumetricWaterContent,mm3/mm3,Samp,5,6,217,90-120,1,3,Dash,Low
"CS650(134,2)",134,ElectricalConductivity,dS/m,Samp,5,6,217,90-120,1,3,Dash,Low
"CS650(134,3)",134,Temperature,oC,Samp,5,6,217,90-120,1,3,Dash,Low
"CS650(134,4)",134,Permittivity,-,Samp,5,6,217,90-120,1,3,Dash,Low
"CS650(134,5)",134,Period,uSec,Samp,5,6,217,90-120,1,3,Dash,Low
"CS650(134,6)",134,VoltageRatio,-,Samp,5,6,217,90-120,1,3,Dash,Low
"CS650(135,1)",135,VolumetricWaterContent,mm3/mm3,Samp,5,7,217,120-150,1,3,Dash,Low
"CS650(135,2)",135,ElectricalConductivity,dS/m,Samp,5,7,217,120-150,1,3,Dash,Low
"CS650(135,3)",135,Temperature,oC,Samp,5,7,217,120-150,1,3,Dash,Low
"CS650(135,4)",135,Permittivity,-,Samp,5,7,217,120-150,1,3,Dash,Low
"CS650(135,5)",135,Period,uSec,Samp,5,7,217,120-150,1,3,Dash,Low
"CS650(135,6)",135,VoltageRatio,-,Samp,5,7,217,120-150,1,3,Dash,Low
"CS650(136,1)",136,VolumetricWaterContent,mm3/mm3,Samp,5,8,217,150-180,1,3,Dash,Low
"CS650(136,2)",136,ElectricalConductivity,dS/m,Samp,5,8,217,150-180,1,3,Dash,Low
"CS650(136,3)",136,Temperature,oC,Samp,5,8,217,150-180,1,3,Dash,Low
"CS650(136,4)",136,Permittivity,-,Samp,5,8,217,150-180,1,3,Dash,Low
"CS650(136,5)",136,Period,uSec,Samp,5,8,217,150-180,1,3,Dash,Low
"CS650(136,6)",136,VoltageRatio,-,Samp,5,8,217,150-180,1,3,Dash,Low
"CS650(137,1)",137,VolumetricWaterContent,mm3/mm3,Samp,5,9,218,0-15(InRow),2,3,Dash,Mid
"CS650(137,2)",137,ElectricalConductivity,dS/m,Samp,5,9,218,0-15(InRow),2,3,Dash,Mid
"CS650(137,3)",137,Temperature,oC,Samp,5,9,218,0-15(InRow),2,3,Dash,Mid
"CS650(137,4)",137,Permittivity,-,Samp,5,9,218,0-15(InRow),2,3,Dash,Mid
"CS650(137,5)",137,Period,uSec,Samp,5,9,218,0-15(InRow),2,3,Dash,Mid
"CS650(137,6)",137,VoltageRatio,-,Samp,5,9,218,0-15(InRow),2,3,Dash,Mid
"CS650(138,1)",138,VolumetricWaterContent,mm3/mm3,Samp,5,10,218,0-15(btwRow),2,3,Dash,Mid
"CS650(138,2)",138,ElectricalConductivity,dS/m,Samp,5,10,218,0-15(btwRow),2,3,Dash,Mid
"CS650(138,3)",138,Temperature,oC,Samp,5,10,218,0-15(btwRow),2,3,Dash,Mid
"CS650(138,4)",138,Permittivity,-,Samp,5,10,218,0-15(btwRow),2,3,Dash,Mid
"CS650(138,5)",138,Period,uSec,Samp,5,10,218,0-15(btwRow),2,3,Dash,Mid
"CS650(138,6)",138,VoltageRatio,-,Samp,5,10,218,0-15(btwRow),2,3,Dash,Mid
"CS650(139,1)",139,VolumetricWaterContent,mm3/mm3,Samp,5,11,218,15-30,2,3,Dash,Mid
"CS650(139,2)",139,ElectricalConductivity,dS/m,Samp,5,11,218,15-30,2,3,Dash,Mid
"CS650(139,3)",139,Temperature,oC,Samp,5,11,218,15-30,2,3,Dash,Mid
"CS650(139,4)",139,Permittivity,-,Samp,5,11,218,15-30,2,3,Dash,Mid
"CS650(139,5)",139,Period,uSec,Samp,5,11,218,15-30,2,3,Dash,Mid
"CS650(139,6)",139,VoltageRatio,-,Samp,5,11,218,15-30,2,3,Dash,Mid
"CS650(140,1)",140,VolumetricWaterContent,mm3/mm3,Samp,5,12,218,30-60,2,3,Dash,Mid
"CS650(140,2)",140,ElectricalConductivity,dS/m,Samp,5,12,218,30-60,2,3,Dash,Mid
"CS650(140,3)",140,Temperature,oC,Samp,5,12,218,30-60,2,3,Dash,Mid
"CS650(140,4)",140,Permittivity,-,Samp,5,12,218,30-60,2,3,Dash,Mid
"CS650(140,5)",140,Period,uSec,Samp,5,12,218,30-60,2,3,Dash,Mid
"CS650(140,6)",140,VoltageRatio,-,Samp,5,12,218,30-60,2,3,Dash,Mid
"CS650(141,1)",141,VolumetricWaterContent,mm3/mm3,Samp,5,13,218,60-90,2,3,Dash,Mid
"CS650(141,2)",141,ElectricalConductivity,dS/m,Samp,5,13,218,60-90,2,3,Dash,Mid
"CS650(141,3)",141,Temperature,oC,Samp,5,13,218,60-90,2,3,Dash,Mid
"CS650(141,4)",141,Permittivity,-,Samp,5,13,218,60-90,2,3,Dash,Mid
"CS650(141,5)",141,Period,uSec,Samp,5,13,218,60-90,2,3,Dash,Mid
"CS650(141,6)",141,VoltageRatio,-,Samp,5,13,218,60-90,2,3,Dash,Mid
"CS650(142,1)",142,VolumetricWaterContent,mm3/mm3,Samp,5,14,218,90-120,2,3,Dash,Mid
"CS650(142,2)",142,ElectricalConductivity,dS/m,Samp,5,14,218,90-120,2,3,Dash,Mid
"CS650(142,3)",142,Temperature,oC,Samp,5,14,218,90-120,2,3,Dash,Mid
"CS650(142,4)",142,Permittivity,-,Samp,5,14,218,90-120,2,3,Dash,Mid
"CS650(142,5)",142,Period,uSec,Samp,5,14,218,90-120,2,3,Dash,Mid
"CS650(142,6)",142,VoltageRatio,-,Samp,5,14,218,90-120,2,3,Dash,Mid
"CS650(143,1)",143,VolumetricWaterContent,mm3/mm3,Samp,5,15,218,120-150,2,3,Dash,Mid
"CS650(143,2)",143,ElectricalConductivity,dS/m,Samp,5,15,218,120-150,2,3,Dash,Mid
"CS650(143,3)",143,Temperature,oC,Samp,5,15,218,120-150,2,3,Dash,Mid
"CS650(143,4)",143,Permittivity,-,Samp,5,15,218,120-150,2,3,Dash,Mid
"CS650(143,5)",143,Period,uSec,Samp,5,15,218,120-150,2,3,Dash,Mid
"CS650(143,6)",143,VoltageRatio,-,Samp,5,15,218,120-150,2,3,Dash,Mid
"CS650(144,1)",144,VolumetricWaterContent,mm3/mm3,Samp,5,16,218,150-180,2,3,Dash,Mid
"CS650(144,2)",144,ElectricalConductivity,dS/m,Samp,5,16,218,150-180,2,3,Dash,Mid
"CS650(144,3)",144,Temperature,oC,Samp,5,16,218,150-180,2,3,Dash,Mid
"CS650(144,4)",144,Permittivity,-,Samp,5,16,218,150-180,2,3,Dash,Mid
"CS650(144,5)",144,Period,uSec,Samp,5,16,218,150-180,2,3,Dash,Mid
"CS650(144,6)",144,VoltageRatio,-,Samp,5,16,218,150-180,2,3,Dash,Mid
"CS650(145,1)",145,VolumetricWaterContent,mm3/mm3,Samp,5,17,219,0-15(InRow),4,4,Omaka,Low
"CS650(145,2)",145,ElectricalConductivity,dS/m,Samp,5,17,219,0-15(InRow),4,4,Omaka,Low
"CS650(145,3)",145,Temperature,oC,Samp,5,17,219,0-15(InRow),4,4,Omaka,Low
"CS650(145,4)",145,Permittivity,-,Samp,5,17,219,0-15(InRow),4,4,Omaka,Low
"CS650(145,5)",145,Period,uSec,Samp,5,17,219,0-15(InRow),4,4,Omaka,Low
"CS650(145,6)",145,VoltageRatio,-,Samp,5,17,219,0-15(InRow),4,4,Omaka,Low
"CS650(146,1)",146,VolumetricWaterContent,mm3/mm3,Samp,5,18,219,0-15(btwRow),4,4,Omaka,Low
"CS650(146,2)",146,ElectricalConductivity,dS/m,Samp,5,18,219,0-15(btwRow),4,4,Omaka,Low
"CS650(146,3)",146,Temperature,oC,Samp,5,18,219,0-15(btwRow),4,4,Omaka,Low
"CS650(146,4)",146,Permittivity,-,Samp,5,18,219,0-15(btwRow),4,4,Omaka,Low
"CS650(146,5)",146,Period,uSec,Samp,5,18,219,0-15(btwRow),4,4,Omaka,Low
"CS650(146,6)",146,VoltageRatio,-,Samp,5,18,219,0-15(btwRow),4,4,Omaka,Low
"CS650(147,1)",147,VolumetricWaterContent,mm3/mm3,Samp,5,19,219,15-30,4,4,Omaka,Low
"CS650(147,2)",147,ElectricalConductivity,dS/m,Samp,5,19,219,15-30,4,4,Omaka,Low
"CS650(147,3)",147,Temperature,oC,Samp,5,19,219,15-30,4,4,Omaka,Low
"CS650(147,4)",147,Permittivity,-,Samp,5,19,219,15-30,4,4,Omaka,Low
"CS650(147,5)",147,Period,uSec,Samp,5,19,219,15-30,4,4,Omaka,Low
"CS650(147,6)",147,VoltageRatio,-,Samp,5,19,219,15-30,4,4,Omaka,Low
"CS650(148,1)",148,VolumetricWaterContent,mm3/mm3,Samp,5,20,219,30-60,4,4,Omaka,Low
"CS650(148,2)",148,ElectricalConductivity,dS/m,Samp,5,20,219,30-60,4,4,Omaka,Low
"CS650(148,3)",148,Temperature,oC,Samp,5,20,219,30-60,4,4,Omaka,Low
"CS650(148,4)",148,Permittivity,-,Samp,5,20,219,30-60,4,4,Omaka,Low
"CS650(148,5)",148,Period,uSec,Samp,5,20,219,30-60,4,4,Omaka,Low
"CS650(148,6)",148,VoltageRatio,-,Samp,5,20,219,30-60,4,4,Omaka,Low
"CS650(149,1)",149,VolumetricWaterContent,mm3/mm3,Samp,5,21,219,60-90,4,4,Omaka,Low
"CS650(149,2)",149,ElectricalConductivity,dS/m,Samp,5,21,219,60-90,4,4,Omaka,Low
"CS650(149,3)",149,Temperature,oC,Samp,5,21,219,60-90,4,4,Omaka,Low
"CS650(149,4)",149,Permittivity,-,Samp,5,21,219,60-90,4,4,Omaka,Low
"CS650(149,5)",149,Period,uSec,Samp,5,21,219,60-90,4,4,Omaka,Low
"CS650(149,6)",149,VoltageRatio,-,Samp,5,21,219,60-90,4,4,Omaka,Low
"CS650(150,1)",150,VolumetricWaterContent,mm3/mm3,Samp,5,22,219,90-120,4,4,Omaka,Low
"CS650(150,2)",150,ElectricalConductivity,dS/m,Samp,5,22,219,90-120,4,4,Omaka,Low
"CS650(150,3)",150,Temperature,oC,Samp,5,22,219,90-120,4,4,Omaka,Low
"CS650(150,4)",150,Permittivity,-,Samp,5,22,219,90-120,4,4,Omaka,Low
"CS650(150,5)",150,Period,uSec,Samp,5,22,219,90-120,4,4,Omaka,Low
"CS650(150,6)",150,VoltageRatio,-,Samp,5,22,219,90-120,4,4,Omaka,Low
"CS650(151,1)",151,VolumetricWaterContent,mm3/mm3,Samp,5,23,219,120-150,4,4,Omaka,Low
"CS650(151,2)",151,ElectricalConductivity,dS/m,Samp,5,23,219,120-150,4,4,Omaka,Low
"CS650(151,3)",151,Temperature,oC,Samp,5,23,219,120-150,4,4,Omaka,Low
"CS650(151,4)",151,Permittivity,-,Samp,5,23,219,120-150,4,4,Omaka,Low
"CS650(151,5)",151,Period,uSec,Samp,5,23,219,120-150,4,4,Omaka,Low
"CS650(151,6)",151,VoltageRatio,-,Samp,5,23,219,120-150,4,4,Omaka,Low
"CS650(152,1)",152,VolumetricWaterContent,mm3/mm3,Samp,5,24,219,150-180,4,4,Omaka,Low
"CS650(152,2)",152,ElectricalConductivity,dS/m,Samp,5,24,219,150-180,4,4,Omaka,Low
"CS650(152,3)",152,Temperature,oC,Samp,5,24,219,150-180,4,4,Omaka,Low
"CS650(152,4)",152,Permittivity,-,Samp,5,24,219,150-180,4,4,Omaka,Low
"CS650(152,5)",152,Period,uSec,Samp,5,24,219,150-180,4,4,Omaka,Low
"CS650(152,6)",152,VoltageRatio,-,Samp,5,24,219,150-180,4,4,Omaka,Low
"CS650(153,1)",153,VolumetricWaterContent,mm3/mm3,Samp,5,25,220,0-15(InRow),1,4,Dash,Low
"CS650(153,2)",153,ElectricalConductivity,dS/m,Samp,5,25,220,0-15(InRow),1,4,Dash,Low
"CS650(153,3)",153,Temperature,oC,Samp,5,25,220,0-15(InRow),1,4,Dash,Low
"CS650(153,4)",153,Permittivity,-,Samp,5,25,220,0-15(InRow),1,4,Dash,Low
"CS650(153,5)",153,Period,uSec,Samp,5,25,220,0-15(InRow),1,4,Dash,Low
"CS650(153,6)",153,VoltageRatio,-,Samp,5,25,220,0-15(InRow),1,4,Dash,Low
"CS650(154,1)",154,VolumetricWaterContent,mm3/mm3,Samp,5,26,220,0-15(btwRow),1,4,Dash,Low
"CS650(154,2)",154,ElectricalConductivity,dS/m,Samp,5,26,220,0-15(btwRow),1,4,Dash,Low
"CS650(154,3)",154,Temperature,oC,Samp,5,26,220,0-15(btwRow),1,4,Dash,Low
"CS650(154,4)",154,Permittivity,-,Samp,5,26,220,0-15(btwRow),1,4,Dash,Low
"CS650(154,5)",154,Period,uSec,Samp,5,26,220,0-15(btwRow),1,4,Dash,Low
"CS650(154,6)",154,VoltageRatio,-,Samp,5,26,220,0-15(btwRow),1,4,Dash,Low
"CS650(155,1)",155,VolumetricWaterContent,mm3/mm3,Samp,5,27,220,15-30,1,4,Dash,Low
"CS650(155,2)",155,ElectricalConductivity,dS/m,Samp,5,27,220,15-30,1,4,Dash,Low
"CS650(155,3)",155,Temperature,oC,Samp,5,27,220,15-30,1,4,Dash,Low
"CS650(155,4)",155,Permittivity,-,Samp,5,27,220,15-30,1,4,Dash,Low
"CS650(155,5)",155,Period,uSec,Samp,5,27,220,15-30,1,4,Dash,Low
"CS650(155,6)",155,VoltageRatio,-,Samp,5,27,220,15-30,1,4,Dash,Low
"CS650(156,1)",156,VolumetricWaterContent,mm3/mm3,Samp,5,28,220,30-60,1,4,Dash,Low
"CS650(156,2)",156,ElectricalConductivity,dS/m,Samp,5,28,220,30-60,1,4,Dash,Low
"CS650(156,3)",156,Temperature,oC,Samp,5,28,220,30-60,1,4,Dash,Low
"CS650(156,4)",156,Permittivity,-,Samp,5,28,220,30-60,1,4,Dash,Low
"CS650(156,5)",156,Period,uSec,Samp,5,28,220,30-60,1,4,Dash,Low
"CS650(156,6)",156,VoltageRatio,-,Samp,5,28,220,30-60,1,4,Dash,Low
"CS650(157,1)",157,VolumetricWaterContent,mm3/mm3,Samp,5,29,220,60-90,1,4,Dash,Low
"CS650(157,2)",157,ElectricalConductivity,dS/m,Samp,5,29,220,60-90,1,4,Dash,Low
"CS650(157,3)",157,Temperature,oC,Samp,5,29,220,60-90,1,4,Dash,Low
"CS650(157,4)",157,Permittivity,-,Samp,5,29,220,60-90,1,4,Dash,Low
"CS650(157,5)",157,Period,uSec,Samp,5,29,220,60-90,1,4,Dash,Low
"CS650(157,6)",157,VoltageRatio,-,Samp,5,29,220,60-90,1,4,Dash,Low
"CS650(158,1)",158,VolumetricWaterContent,mm3/mm3,Samp,5,30,220,90-120,1,4,Dash,Low
"CS650(158,2)",158,ElectricalConductivity,dS/m,Samp,5,30,220,90-120,1,4,Dash,Low
"CS650(158,3)",158,Temperature,oC,Samp,5,30,220,90-120,1,4,Dash,Low
"CS650(158,4)",158,Permittivity,-,Samp,5,30,220,90-120,1,4,Dash,Low
"CS650(158,5)",158,Period,uSec,Samp,5,30,220,90-120,1,4,Dash,Low
"CS650(158,6)",158,VoltageRatio,-,Samp,5,30,220,90-120,1,4,Dash,Low
"CS650(159,1)",159,VolumetricWaterContent,mm3/mm3,Samp,5,31,220,120-150,1,4,Dash,Low
"CS650(159,2)",159,ElectricalConductivity,dS/m,Samp,5,31,220,120-150,1,4,Dash,Low
"CS650(159,3)",159,Temperature,oC,Samp,5,31,220,120-150,1,4,Dash,Low
"CS650(159,4)",159,Permittivity,-,Samp,5,31,220,120-150,1,4,Dash,Low
"CS650(159,5)",159,Period,uSec,Samp,5,31,220,120-150,1,4,Dash,Low
"CS650(159,6)",159,VoltageRatio,-,Samp,5,31,220,120-150,1,4,Dash,Low
"CS650(160,1)",160,VolumetricWaterContent,mm3/mm3,Samp,5,32,220,150-180,1,4,Dash,Low
"CS650(160,2)",160,ElectricalConductivity,dS/m,Samp,5,32,220,150-180,1,4,Dash,Low
"CS650(160,3)",160,Temperature,oC,Samp,5,32,220,150-180,1,4,Dash,Low
"CS650(160,4)",160,Permittivity,-,Samp,5,32,220,150-180,1,4,Dash,Low
"CS650(160,5)",160,Period,uSec,Samp,5,32,220,150-180,1,4,Dash,Low
"CS650(160,6)",160,VoltageRatio,-,Samp,5,32,220,150-180,1,4,Dash,Low
"CS650(161,1)",161,VolumetricWaterContent,mm3/mm3,Samp,6,1,221,0-15(InRow),3,4,Dash,High
"CS650(161,2)",161,ElectricalConductivity,dS/m,Samp,6,1,221,0-15(InRow),3,4,Dash,High
"CS650(161,3)",161,Temperature,oC,Samp,6,1,221,0-15(InRow),3,4,Dash,High
"CS650(161,4)",161,Permittivity,-,Samp,6,1,221,0-15(InRow),3,4,Dash,High
"CS650(161,5)",161,Period,uSec,Samp,6,1,221,0-15(InRow),3,4,Dash,High
"CS650(161,6)",161,VoltageRatio,-,Samp,6,1,221,0-15(InRow),3,4,Dash,High
"CS650(162,1)",162,VolumetricWaterContent,mm3/mm3,Samp,6,2,221,0-15(btwRow),3,4,Dash,High
"CS650(162,2)",162,ElectricalConductivity,dS/m,Samp,6,2,221,0-15(btwRow),3,4,Dash,High
"CS650(162,3)",162,Temperature,oC,Samp,6,2,221,0-15(btwRow),3,4,Dash,High
"CS650(162,4)",162,Permittivity,-,Samp,6,2,221,0-15(btwRow),3,4,Dash,High
"CS650(162,5)",162,Period,uSec,Samp,6,2,221,0-15(btwRow),3,4,Dash,High
"CS650(162,6)",162,VoltageRatio,-,Samp,6,2,221,0-15(btwRow),3,4,Dash,High
"CS650(163,1)",163,VolumetricWaterContent,mm3/mm3,Samp,6,3,221,15-30,3,4,Dash,High
"CS650(163,2)",163,ElectricalConductivity,dS/m,Samp,6,3,221,15-30,3,4,Dash,High
"CS650(163,3)",163,Temperature,oC,Samp,6,3,221,15-30,3,4,Dash,High
"CS650(163,4)",163,Permittivity,-,Samp,6,3,221,15-30,3,4,Dash,High
"CS650(163,5)",163,Period,uSec,Samp,6,3,221,15-30,3,4,Dash,High
"CS650(163,6)",163,VoltageRatio,-,Samp,6,3,221,15-30,3,4,Dash,High
"CS650(164,1)",164,VolumetricWaterContent,mm3/mm3,Samp,6,4,221,30-60,3,4,Dash,High
"CS650(164,2)",164,ElectricalConductivity,dS/m,Samp,6,4,221,30-60,3,4,Dash,High
"CS650(164,3)",164,Temperature,oC,Samp,6,4,221,30-60,3,4,Dash,High
"CS650(164,4)",164,Permittivity,-,Samp,6,4,221,30-60,3,4,Dash,High
"CS650(164,5)",164,Period,uSec,Samp,6,4,221,30-60,3,4,Dash,High
"CS650(164,6)",164,VoltageRatio,-,Samp,6,4,221,30-60,3,4,Dash,High
"CS650(165,1)",165,VolumetricWaterContent,mm3/mm3,Samp,6,5,221,60-90,3,4,Dash,High
"CS650(165,2)",165,ElectricalConductivity,dS/m,Samp,6,5,221,60-90,3,4,Dash,High
"CS650(165,3)",165,Temperature,oC,Samp,6,5,221,60-90,3,4,Dash,High
"CS650(165,4)",165,Permittivity,-,Samp,6,5,221,60-90,3,4,Dash,High
"CS650(165,5)",165,Period,uSec,Samp,6,5,221,60-90,3,4,Dash,High
"CS650(165,6)",165,VoltageRatio,-,Samp,6,5,221,60-90,3,4,Dash,High
"CS650(166,1)",166,VolumetricWaterContent,mm3/mm3,Samp,6,6,221,90-120,3,4,Dash,High
"CS650(166,2)",166,ElectricalConductivity,dS/m,Samp,6,6,221,90-120,3,4,Dash,High
"CS650(166,3)",166,Temperature,oC,Samp,6,6,221,90-120,3,4,Dash,High
"CS650(166,4)",166,Permittivity,-,Samp,6,6,221,90-120,3,4,Dash,High
"CS650(166,5)",166,Period,uSec,Samp,6,6,221,90-120,3,4,Dash,High
"CS650(166,6)",166,VoltageRatio,-,Samp,6,6,221,90-120,3,4,Dash,High
"CS650(167,1)",167,VolumetricWaterContent,mm3/mm3,Samp,6,7,221,120-150,3,4,Dash,High
"CS650(167,2)",167,ElectricalConductivity,dS/m,Samp,6,7,221,120-150,3,4,Dash,High
"CS650(167,3)",167,Temperature,oC,Samp,6,7,221,120-150,3,4,Dash,High
"CS650(167,4)",167,Permittivity,-,Samp,6,7,221,120-150,3,4,Dash,High
"CS650(167,5)",167,Period,uSec,Samp,6,7,221,120-150,3,4,Dash,High
"CS650(167,6)",167,VoltageRatio,-,Samp,6,7,221,120-150,3,4,Dash,High
"CS650(168,1)",168,VolumetricWaterContent,mm3/mm3,Samp,6,8,221,150-180,3,4,Dash,High
"CS650(168,2)",168,ElectricalConductivity,dS/m,Samp,6,8,221,150-180,3,4,Dash,High
"CS650(168,3)",168,Temperature,oC,Samp,6,8,221,150-180,3,4,Dash,High
"CS650(168,4)",168,Permittivity,-,Samp,6,8,221,150-180,3,4,Dash,High
"CS650(168,5)",168,Period,uSec,Samp,6,8,221,150-180,3,4,Dash,High
"CS650(168,6)",168,VoltageRatio,-,Samp,6,8,221,150-180,3,4,Dash,High
"CS650(169,1)",169,VolumetricWaterContent,mm3/mm3,Samp,6,9,222,0-15(InRow),6,4,Omaka,High
"CS650(169,2)",169,ElectricalConductivity,dS/m,Samp,6,9,222,0-15(InRow),6,4,Omaka,High
"CS650(169,3)",169,Temperature,oC,Samp,6,9,222,0-15(InRow),6,4,Omaka,High
"CS650(169,4)",169,Permittivity,-,Samp,6,9,222,0-15(InRow),6,4,Omaka,High
"CS650(169,5)",169,Period,uSec,Samp,6,9,222,0-15(InRow),6,4,Omaka,High
"CS650(169,6)",169,VoltageRatio,-,Samp,6,9,222,0-15(InRow),6,4,Omaka,High
"CS650(170,1)",170,VolumetricWaterContent,mm3/mm3,Samp,6,10,222,0-15(btwRow),6,4,Omaka,High
"CS650(170,2)",170,ElectricalConductivity,dS/m,Samp,6,10,222,0-15(btwRow),6,4,Omaka,High
"CS650(170,3)",170,Temperature,oC,Samp,6,10,222,0-15(btwRow),6,4,Omaka,High
"CS650(170,4)",170,Permittivity,-,Samp,6,10,222,0-15(btwRow),6,4,Omaka,High
"CS650(170,5)",170,Period,uSec,Samp,6,10,222,0-15(btwRow),6,4,Omaka,High
"CS650(170,6)",170,VoltageRatio,-,Samp,6,10,222,0-15(btwRow),6,4,Omaka,High
"CS650(171,1)",171,VolumetricWaterContent,mm3/mm3,Samp,6,11,222,15-30,6,4,Omaka,High
"CS650(171,2)",171,ElectricalConductivity,dS/m,Samp,6,11,222,15-30,6,4,Omaka,High
"CS650(171,3)",171,Temperature,oC,Samp,6,11,222,15-30,6,4,Omaka,High
"CS650(171,4)",171,Permittivity,-,Samp,6,11,222,15-30,6,4,Omaka,High
"CS650(171,5)",171,Period,uSec,Samp,6,11,222,15-30,6,4,Omaka,High
"CS650(171,6)",171,VoltageRatio,-,Samp,6,11,222,15-30,6,4,Omaka,High
"CS650(172,1)",172,VolumetricWaterContent,mm3/mm3,Samp,6,12,222,30-60,6,4,Omaka,High
"CS650(172,2)",172,ElectricalConductivity,dS/m,Samp,6,12,222,30-60,6,4,Omaka,High
"CS650(172,3)",172,Temperature,oC,Samp,6,12,222,30-60,6,4,Omaka,High
"CS650(172,4)",172,Permittivity,-,Samp,6,12,222,30-60,6,4,Omaka,High
"CS650(172,5)",172,Period,uSec,Samp,6,12,222,30-60,6,4,Omaka,High
"CS650(172,6)",172,VoltageRatio,-,Samp,6,12,222,30-60,6,4,Omaka,High
"CS650(173,1)",173,VolumetricWaterContent,mm3/mm3,Samp,6,13,222,60-90,6,4,Omaka,High
"CS650(173,2)",173,ElectricalConductivity,dS/m,Samp,6,13,222,60-90,6,4,Omaka,High
"CS650(173,3)",173,Temperature,oC,Samp,6,13,222,60-90,6,4,Omaka,High
"CS650(173,4)",173,Permittivity,-,Samp,6,13,222,60-90,6,4,Omaka,High
"CS650(173,5)",173,Period,uSec,Samp,6,13,222,60-90,6,4,Omaka,High
"CS650(173,6)",173,VoltageRatio,-,Samp,6,13,222,60-90,6,4,Omaka,High
"CS650(174,1)",174,VolumetricWaterContent,mm3/mm3,Samp,6,14,222,90-120,6,4,Omaka,High
"CS650(174,2)",174,ElectricalConductivity,dS/m,Samp,6,14,222,90-120,6,4,Omaka,High
"CS650(174,3)",174,Temperature,oC,Samp,6,14,222,90-120,6,4,Omaka,High
"CS650(174,4)",174,Permittivity,-,Samp,6,14,222,90-120,6,4,Omaka,High
"CS650(174,5)",174,Period,uSec,Samp,6,14,222,90-120,6,4,Omaka,High
"CS650(174,6)",174,VoltageRatio,-,Samp,6,14,222,90-120,6,4,Omaka,High
"CS650(175,1)",175,VolumetricWaterContent,mm3/mm3,Samp,6,15,222,120-150,6,4,Omaka,High
"CS650(175,2)",175,ElectricalConductivity,dS/m,Samp,6,15,222,120-150,6,4,Omaka,High
"CS650(175,3)",175,Temperature,oC,Samp,6,15,222,120-150,6,4,Omaka,High
"CS650(175,4)",175,Permittivity,-,Samp,6,15,222,120-150,6,4,Omaka,High
"CS650(175,5)",175,Period,uSec,Samp,6,15,222,120-150,6,4,Omaka,High
"CS650(175,6)",175,VoltageRatio,-,Samp,6,15,222,120-150,6,4,Omaka,High
"CS650(176,1)",176,VolumetricWaterContent,mm3/mm3,Samp,6,16,222,150-180,6,4,Omaka,High
"CS650(176,2)",176,ElectricalConductivity,dS/m,Samp,6,16,222,150-180,6,4,Omaka,High
"CS650(176,3)",176,Temperature,oC,Samp,6,16,222,150-180,6,4,Omaka,High
"CS650(176,4)",176,Permittivity,-,Samp,6,16,222,150-180,6,4,Omaka,High
"CS650(176,5)",176,Period,uSec,Samp,6,16,222,150-180,6,4,Omaka,High
"CS650(176,6)",176,VoltageRatio,-,Samp,6,16,222,150-180,6,4,Omaka,High
"CS650(177,1)",177,VolumetricWaterContent,mm3/mm3,Samp,6,17,223,0-15(InRow),2,4,Dash,Mid
"CS650(177,2)",177,ElectricalConductivity,dS/m,Samp,6,17,223,0-15(InRow),2,4,Dash,Mid
"CS650(177,3)",177,Temperature,oC,Samp,6,17,223,0-15(InRow),2,4,Dash,Mid
"CS650(177,4)",177,Permittivity,-,Samp,6,17,223,0-15(InRow),2,4,Dash,Mid
"CS650(177,5)",177,Period,uSec,Samp,6,17,223,0-15(InRow),2,4,Dash,Mid
"CS650(177,6)",177,VoltageRatio,-,Samp,6,17,223,0-15(InRow),2,4,Dash,Mid
"CS650(178,1)",178,VolumetricWaterContent,mm3/mm3,Samp,6,18,223,0-15(btwRow),2,4,Dash,Mid
"CS650(178,2)",178,ElectricalConductivity,dS/m,Samp,6,18,223,0-15(btwRow),2,4,Dash,Mid
"CS650(178,3)",178,Temperature,oC,Samp,6,18,223,0-15(btwRow),2,4,Dash,Mid
"CS650(178,4)",178,Permittivity,-,Samp,6,18,223,0-15(btwRow),2,4,Dash,Mid
"CS650(178,5)",178,Period,uSec,Samp,6,18,223,0-15(btwRow),2,4,Dash,Mid
"CS650(178,6)",178,VoltageRatio,-,Samp,6,18,223,0-15(btwRow),2,4,Dash,Mid
"CS650(179,1)",179,VolumetricWaterContent,mm3/mm3,Samp,6,19,223,15-30,2,4,Dash,Mid
"CS650(179,2)",179,ElectricalConductivity,dS/m,Samp,6,19,223,15-30,2,4,Dash,Mid
"CS650(179,3)",179,Temperature,oC,Samp,6,19,223,15-30,2,4,Dash,Mid
"CS650(179,4)",179,Permittivity,-,Samp,6,19,223,15-30,2,4,Dash,Mid
"CS650(179,5)",179,Period,uSec,Samp,6,19,223,15-30,2,4,Dash,Mid
"CS650(179,6)",179,VoltageRatio,-,Samp,6,19,223,15-30,2,4,Dash,Mid
"CS650(180,1)",180,VolumetricWaterContent,mm3/mm3,Samp,6,20,223,30-60,2,4,Dash,Mid
"CS650(180,2)",180,ElectricalConductivity,dS/m,Samp,6,20,223,30-60,2,4,Dash,Mid
"CS650(180,3)",180,Temperature,oC,Samp,6,20,223,30-60,2,4,Dash,Mid
"CS650(180,4)",180,Permittivity,-,Samp,6,20,223,30-60,2,4,Dash,Mid
"CS650(180,5)",180,Period,uSec,Samp,6,20,223,30-60,2,4,Dash,Mid
"CS650(180,6)",180,VoltageRatio,-,Samp,6,20,223,30-60,2,4,Dash,Mid
"CS650(181,1)",181,VolumetricWaterContent,mm3/mm3,Samp,6,21,223,60-90,2,4,Dash,Mid
"CS650(181,2)",181,ElectricalConductivity,dS/m,Samp,6,21,223,60-90,2,4,Dash,Mid
"CS650(181,3)",181,Temperature,oC,Samp,6,21,223,60-90,2,4,Dash,Mid
"CS650(181,4)",181,Permittivity,-,Samp,6,21,223,60-90,2,4,Dash,Mid
"CS650(181,5)",181,Period,uSec,Samp,6,21,223,60-90,2,4,Dash,Mid
"CS650(181,6)",181,VoltageRatio,-,Samp,6,21,223,60-90,2,4,Dash,Mid
"CS650(182,1)",182,VolumetricWaterContent,mm3/mm3,Samp,6,22,223,90-120,2,4,Dash,Mid
"CS650(182,2)",182,ElectricalConductivity,dS/m,Samp,6,22,223,90-120,2,4,Dash,Mid
"CS650(182,3)",182,Temperature,oC,Samp,6,22,223,90-120,2,4,Dash,Mid
"CS650(182,4)",182,Permittivity,-,Samp,6,22,223,90-120,2,4,Dash,Mid
"CS650(182,5)",182,Period,uSec,Samp,6,22,223,90-120,2,4,Dash,Mid
"CS650(182,6)",182,VoltageRatio,-,Samp,6,22,223,90-120,2,4,Dash,Mid
"CS650(183,1)",183,VolumetricWaterContent,mm3/mm3,Samp,6,23,223,120-150,2,4,Dash,Mid
"CS650(183,2)",183,ElectricalConductivity,dS/m,Samp,6,23,223,120-150,2,4,Dash,Mid
"CS650(183,3)",183,Temperature,oC,Samp,6,23,223,120-150,2,4,Dash,Mid
"CS650(183,4)",183,Permittivity,-,Samp,6,23,223,120-150,2,4,Dash,Mid
"CS650(183,5)",183,Period,uSec,Samp,6,23,223,120-150,2,4,Dash,Mid
"CS650(183,6)",183,VoltageRatio,-,Samp,6,23,223,120-150,2,4,Dash,Mid
"CS650(184,1)",184,VolumetricWaterContent,mm3/mm3,Samp,6,24,223,150-180,2,4,Dash,Mid
"CS650(184,2)",184,ElectricalConductivity,dS/m,Samp,6,24,223,150-180,2,4,Dash,Mid
"CS650(184,3)",184,Temperature,oC,Samp,6,24,223,150-180,2,4,Dash,Mid
"CS650(184,4)",184,Permittivity,-,Samp,6,24,223,150-180,2,4,Dash,Mid
"CS650(184,5)",184,Period,uSec,Samp,6,24,223,150-180,2,4,Dash,Mid
"CS650(184,6)",184,VoltageRatio,-,Samp,6,24,223,150-180,2,4,Dash,Mid
"CS650(185,1)",185,VolumetricWaterContent,mm3/mm3,Samp,6,25,224,0-15(InRow),5,4,Omaka,Mid
"CS650(185,2)",185,ElectricalConductivity,dS/m,Samp,6,25,224,0-15(InRow),5,4,Omaka,Mid
"CS650(185,3)",185,Temperature,oC,Samp,6,25,224,0-15(InRow),5,4,Omaka,Mid
"CS650(185,4)",185,Permittivity,-,Samp,6,25,224,0-15(InRow),5,4,Omaka,Mid
"CS650(185,5)",185,Period,uSec,Samp,6,25,224,0-15(InRow),5,4,Omaka,Mid
"CS650(185,6)",185,VoltageRatio,-,Samp,6,25,224,0-15(InRow),5,4,Omaka,Mid
"CS650(186,1)",186,VolumetricWaterContent,mm3/mm3,Samp,6,26,224,0-15(btwRow),5,4,Omaka,Mid
"CS650(186,2)",186,ElectricalConductivity,dS/m,Samp,6,26,224,0-15(btwRow),5,4,Omaka,Mid
"CS650(186,3)",186,Temperature,oC,Samp,6,26,224,0-15(btwRow),5,4,Omaka,Mid
"CS650(186,4)",186,Permittivity,-,Samp,6,26,224,0-15(btwRow),5,4,Omaka,Mid
"CS650(186,5)",186,Period,uSec,Samp,6,26,224,0-15(btwRow),5,4,Omaka,Mid
"CS650(186,6)",186,VoltageRatio,-,Samp,6,26,224,0-15(btwRow),5,4,Omaka,Mid
"CS650(187,1)",187,VolumetricWaterContent,mm3/mm3,Samp,6,27,224,15-30,5,4,Omaka,Mid
"CS650(187,2)",187,ElectricalConductivity,dS/m,Samp,6,27,224,15-30,5,4,Omaka,Mid
"CS650(187,3)",187,Temperature,oC,Samp,6,27,224,15-30,5,4,Omaka,Mid
"CS650(187,4)",187,Permittivity,-,Samp,6,27,224,15-30,5,4,Omaka,Mid
"CS650(187,5)",187,Period,uSec,Samp,6,27,224,15-30,5,4,Omaka,Mid
"CS650(187,6)",187,VoltageRatio,-,Samp,6,27,224,15-30,5,4,Omaka,Mid
"CS650(188,1)",188,VolumetricWaterContent,mm3/mm3,Samp,6,28,224,30-60,5,4,Omaka,Mid
"CS650(188,2)",188,ElectricalConductivity,dS/m,Samp,6,28,224,30-60,5,4,Omaka,Mid
"CS650(188,3)",188,Temperature,oC,Samp,6,28,224,30-60,5,4,Omaka,Mid
"CS650(188,4)",188,Permittivity,-,Samp,6,28,224,30-60,5,4,Omaka,Mid
"CS650(188,5)",188,Period,uSec,Samp,6,28,224,30-60,5,4,Omaka,Mid
"CS650(188,6)",188,VoltageRatio,-,Samp,6,28,224,30-60,5,4,Omaka,Mid
"CS650(189,1)",189,VolumetricWaterContent,mm3/mm3,Samp,6,29,224,60-90,5,4,Omaka,Mid
"CS650(189,2)",189,ElectricalConductivity,dS/m,Samp,6,29,224,60-90,5,4,Omaka,Mid
"CS650(189,3)",189,Temperature,oC,Samp,6,29,224,60-90,5,4,Omaka,Mid
"CS650(189,4)",189,Permittivity,-,Samp,6,29,224,60-90,5,4,Omaka,Mid
"CS650(189,5)",189,Period,uSec,Samp,6,29,224,60-90,5,4,Omaka,Mid
"CS650(189,6)",189,VoltageRatio,-,Samp,6,29,224,60-90,5,4,Omaka,Mid
"CS650(190,1)",190,VolumetricWaterContent,mm3/mm3,Samp,6,30,224,90-120,5,4,Omaka,Mid
"CS650(190,2)",190,ElectricalConductivity,dS/m,Samp,6,30,224,90-120,5,4,Omaka,Mid
"CS650(190,3)",190,Temperature,oC,Samp,6,30,224,90-120,5,4,Omaka,Mid
"CS650(190,4)",190,Permittivity,-,Samp,6,30,224,90-120,5,4,Omaka,Mid
"CS650(190,5)",190,Period,uSec,Samp,6,30,224,90-120,5,4,Omaka,Mid
"CS650(190,6)",190,VoltageRatio,-,Samp,6,30,224,90-120,5,4,Omaka,Mid
"CS650(191,1)",191,VolumetricWaterContent,mm3/mm3,Samp,6,31,224,120-150,5,4,Omaka,Mid
"CS650(191,2)",191,ElectricalConductivity,dS/m,Samp,6,31,224,120-150,5,4,Omaka,Mid
"CS650(191,3)",191,Temperature,oC,Samp,6,31,224,120-150,5,4,Omaka,Mid
"CS650(191,4)",191,Permittivity,-,Samp,6,31,224,120-150,5,4,Omaka,Mid
"CS650(191,5)",191,Period,uSec,Samp,6,31,224,120-150,5,4,Omaka,Mid
"CS650(191,6)",191,VoltageRatio,-,Samp,6,31,224,120-150,5,4,Omaka,Mid
"CS650(192,1)",192,VolumetricWaterContent,mm3/mm3,Samp,6,32,224,150-180,5,4,Omaka,Mid
"CS650(192,2)",192,ElectricalConductivity,dS/m,Samp,6,32,224,150-180,5,4,Omaka,Mid
"CS650(192,3)",192,Temperature,oC,Samp,6,32,224,150-180,5,4,Omaka,Mid
"CS650(192,4)",192,Permittivity,-,Samp,6,32,224,150-180,5,4,Omaka,Mid
"CS650(192,5)",192,Period,uSec,Samp,6,32,224,150-180,5,4,Omaka,Mid
"CS650(192,6)",192,VoltageRatio,-,Samp,6,32,224,150-180,5,4,Omaka,Mid
